Workbook

Sheet MPsizeBase+parameters
A1: FROM MPSIZEBASE | H1: INFO SAMPLING | J1: FROM MARTIN DATASET | O1: NOT FROM MARTIN | Q1: MASS IN g/cm2 | T1: COMPUTED USING MARIN DATA | W1: COMPUTED USING RESTREPPO DATA | Z1: EXTRAPOLATED TO 2021 | AC1: COMPARISON
A2: PSD ID | B2: Lat | C2: Lon | D2: Shape | E2: Info shape | F2: Slope | G2: MP mass observation extrapolated to 1-5000 µm (µg/kg) from MPsizeBase | H2: year of sampling | I2: thickness of the sampled sediment layer (cm) | J2: reference numbrer in Martin dataset | K2: Distance_land (m) Martin dataset | L2: Water_Depth (m) Martin dataset | M2: Dry bulk density of the sediments (g/cm³) Martin dataset | N2: accumulation rate (cm/yr) Martin dataset | O2: Accumulation rate from Restreppo | P2: Distance to land NASA Ocean Biology Processing Group (m) | Q2: mass converted to g/cm³ | R2: mass converted to g/cm² | S2: accumulation time (yr) since 1950 | T2: time represented by the sampled sediment layer (yr) | U2: total thickness of the sediments (cm) since 1950 | V2: MP stock (g/m2) in year of study | W2: time represented by the sampled sediment layer (yr) | X2: total thickness of the sediments (cm) since 1950 | Y2: MP stock (g/m2) in year of study | Z2: accumulation time (yr) since 1950 | AA2: parameter a | AB2: MP stock (g/m2) in 2021 | AC2: Difference | AD2: % Difference
A3: Wan19a_A_1 | B3: 33 | C3: 122.21 | D3: Fibers | E3: 0.91 | F3: -1.28 | G3: 28.4 | H3: 2017 | I3: 3 | J3: 1 | K3: 112.65408 | L3: 12 | M3: 0.61037441 | N3: 0.13182412 | O3: 0.33732978 | P3: 104000 | Q3: =G3*M3*0.000000001 -> 1.7334633e-08 | R3: =Q3*I3 -> 5.20039e-08 | S3: =H3-1950 -> 67 | T3: =I3/N3 -> 22.757595 | U3: =N3*S3 -> 8.8322162 | V3: =IF(I3<U3,R3/(1-(1-I3/U3)^3),R3)*10000 -> 0.00073032335 | W3: =I3/O3 -> 8.8933743 | X3: =O3*S3 -> 22.601095 | Y3: =IF(I3<X3,R3/(1-(1-I3/X3)^3),R3)*10000 -> 0.0014956878 | Z3: =2021-1950 -> 71 | AA3: {=_xlfn.IFS(I3<=X3,R3*(3/(S3^3 - (S3-W3)^3)),I3>X3,R3*(3/S3^3))} -> 1.4918934e-12 | AB3: =(AA3/3)*(Z3^3)*10000 -> 0.0017798835 | AC3: =Y3-AB3 -> -0.00028419575 | AD3: =AB3*100/Y3 -> 119.00101
A4: Wan19a_A_2 | B4: 34 | C4: 121.24 | D4: Fibers | E4: 0.96 | F4: -1.65 | G4: 111 | H4: 2017 | I4: 3 | J4: 1 | K4: 96.56064 | L4: 19 | M4: 0.61037441 | N4: 0.13090283 | O4: 0.82634632 | P4: 73000 | Q4: =G4*M4*0.000000001 -> 6.7751559e-08 | R4: =Q4*I4 -> 2.0325468e-07 | S4: =H4-1950 -> 67 | T4: =I4/N4 -> 22.917762 | U4: =N4*S4 -> 8.7704899 | V4: =IF(I4<U4,R4/(1-(1-I4/U4)^3),R4)*10000 -> 0.0028419969 | W4: =I4/O4 -> 3.6304391 | X4: =O4*S4 -> 55.365204 | Y4: =IF(I4<X4,R4/(1-(1-I4/X4)^3),R4)*10000 -> 0.013206261 | Z4: =2021-1950 -> 71 | AA4: {=_xlfn.IFS(I4<=X4,R4*(3/(S4^3 - (S4-W4)^3)),I4>X4,R4*(3/S4^3))} -> 1.3172759e-11 | AB4: =(AA4/3)*(Z4^3)*10000 -> 0.015715584 | AC4: =Y4-AB4 -> -0.0025093227 | AD4: =AB4*100/Y4 -> 119.00101
A5: Wan19a_A_3 | B5: 36 | C5: 121 | D5: Fibers | E5: 0.96 | F5: -1.35 | G5: 180 | H5: 2017 | I5: 3 | J5: 1 | K5: 32.18688 | L5: 20 | M5: 0.61037441 | N5: 0.13077175 | O5: 0.23090016 | P5: 16000 | Q5: =G5*M5*0.000000001 -> 1.0986739e-07 | R5: =Q5*I5 -> 3.2960218e-07 | S5: =H5-1950 -> 67 | T5: =I5/N5 -> 22.940735 | U5: =N5*S5 -> 8.7617071 | V5: =IF(I5<U5,R5/(1-(1-I5/U5)^3),R5)*10000 -> 0.0046057775 | W5: =I5/O5 -> 12.992628 | X5: =O5*S5 -> 15.470311 | Y5: =IF(I5<X5,R5/(1-(1-I5/X5)^3),R5)*10000 -> 0.006920968 | Z5: =2021-1950 -> 71 | AA5: {=_xlfn.IFS(I5<=X5,R5*(3/(S5^3 - (S5-W5)^3)),I5>X5,R5*(3/S5^3))} -> 6.9034103e-12 | AB5: =(AA5/3)*(Z5^3)*10000 -> 0.0082360216 | AC5: =Y5-AB5 -> -0.0013150536 | AD5: =AB5*100/Y5 -> 119.00101
A6: Wan19a_A_4 | B6: 33 | C6: 123 | D6: Fibers | E6: 0.81 | F6: -1.47 | G6: 74.8 | H6: 2017 | I6: 3 | J6: 1 | K6: 160.9344 | L6: 29 | M6: 0.61037441 | N6: 0.12959787 | O6: 0.41044832 | P6: 161000 | Q6: =G6*M6*0.000000001 -> 4.5656006e-08 | R6: =Q6*I6 -> 1.3696802e-07 | S6: =H6-1950 -> 67 | T6: =I6/N6 -> 23.148529 | U6: =N6*S6 -> 8.683057 | V6: =IF(I6<U6,R6/(1-(1-I6/U6)^3),R6)*10000 -> 0.0019033058 | W6: =I6/O6 -> 7.309081 | X6: =O6*S6 -> 27.500037 | Y6: =IF(I6<X6,R6/(1-(1-I6/X6)^3),R6)*10000 -> 0.0046767806 | Z6: =2021-1950 -> 71 | AA6: {=_xlfn.IFS(I6<=X6,R6*(3/(S6^3 - (S6-W6)^3)),I6>X6,R6*(3/S6^3))} -> 4.6649162e-12 | AB6: =(AA6/3)*(Z6^3)*10000 -> 0.0055654161 | AC6: =Y6-AB6 -> -0.00088863544 | AD6: =AB6*100/Y6 -> 119.00101
A7: Wan19a_A_5 | B7: 35 | C7: 121.39 | D7: Fibers | E7: 0.91 | F7: -1.67 | G7: 81.9 | H7: 2017 | I7: 3 | J7: 1 | K7: 144.84096 | L7: 36 | M7: 0.61037441 | N7: 0.12869214 | O7: 0.14227124 | P7: 110000 | Q7: =G7*M7*0.000000001 -> 4.9989664e-08 | R7: =Q7*I7 -> 1.4996899e-07 | S7: =H7-1950 -> 67 | T7: =I7/N7 -> 23.311448 | U7: =N7*S7 -> 8.6223731 | V7: =IF(I7<U7,R7/(1-(1-I7/U7)^3),R7)*10000 -> 0.0020749902 | W7: =I7/O7 -> 21.086482 | X7: =O7*S7 -> 9.5321732 | Y7: =IF(I7<X7,R7/(1-(1-I7/X7)^3),R7)*10000 -> 0.0022113069 | Z7: =2021-1950 -> 71 | AA7: {=_xlfn.IFS(I7<=X7,R7*(3/(S7^3 - (S7-W7)^3)),I7>X7,R7*(3/S7^3))} -> 2.2056971e-12 | AB7: =(AA7/3)*(Z7^3)*10000 -> 0.0026314775 | AC7: =Y7-AB7 -> -0.0004201706 | AD7: =AB7*100/Y7 -> 119.00101
A8: Wan19a_A_6 | B8: 36 | C8: 121.4 | D8: Fibers | E8: 0.86 | F8: -1.19 | G8: 108 | H8: 2017 | I8: 3 | J8: 1 | K8: 80.4672 | L8: 36 | M8: 0.61037441 | N8: 0.12869214 | O8: 0.14468963 | P8: 48000 | Q8: =G8*M8*0.000000001 -> 6.5920436e-08 | R8: =Q8*I8 -> 1.9776131e-07 | S8: =H8-1950 -> 67 | T8: =I8/N8 -> 23.311448 | U8: =N8*S8 -> 8.6223731 | V8: =IF(I8<U8,R8/(1-(1-I8/U8)^3),R8)*10000 -> 0.0027362509 | W8: =I8/O8 -> 20.734036 | X8: =O8*S8 -> 9.6942052 | Y8: =IF(I8<X8,R8/(1-(1-I8/X8)^3),R8)*10000 -> 0.0029484764 | Z8: =2021-1950 -> 71 | AA8: {=_xlfn.IFS(I8<=X8,R8*(3/(S8^3 - (S8-W8)^3)),I8>X8,R8*(3/S8^3))} -> 2.9409965e-12 | AB8: =(AA8/3)*(Z8^3)*10000 -> 0.0035087166 | AC8: =Y8-AB8 -> -0.00056024022 | AD8: =AB8*100/Y8 -> 119.00101
A9: Wan19a_A_7 | B9: 35 | C9: 123 | D9: Fibers | E9: 0.84 | F9: -1.69 | G9: 114 | H9: 2017 | I9: 3 | J9: 1 | K9: 209.21472 | L9: 45 | M9: 0.61037441 | N9: 0.12753692 | O9: 0.1410178 | P9: 202000 | Q9: =G9*M9*0.000000001 -> 6.9582683e-08 | R9: =Q9*I9 -> 2.0874805e-07 | S9: =H9-1950 -> 67 | T9: =I9/N9 -> 23.5226 | U9: =N9*S9 -> 8.5449737 | V9: =IF(I9<U9,R9/(1-(1-I9/U9)^3),R9)*10000 -> 0.0028723654 | W9: =I9/O9 -> 21.27391 | X9: =O9*S9 -> 9.4481925 | Y9: =IF(I9<X9,R9/(1-(1-I9/X9)^3),R9)*10000 -> 0.0030602984 | Z9: =2021-1950 -> 71 | AA9: {=_xlfn.IFS(I9<=X9,R9*(3/(S9^3 - (S9-W9)^3)),I9>X9,R9*(3/S9^3))} -> 3.0525348e-12 | AB9: =(AA9/3)*(Z9^3)*10000 -> 0.0036417859 | AC9: =Y9-AB9 -> -0.00058148753 | AD9: =AB9*100/Y9 -> 119.00101
A10: Wan19a_A_8 | B10: 34 | C10: 124 | D10: Fibers | E10: 0.85 | F10: -1.67 | G10: 90.9 | H10: 2017 | I10: 3 | J10: 1 | K10: 209.21472 | L10: 50 | M10: 0.61037441 | N10: 0.12689962 | O10: 0.34369892 | P10: 100000 | Q10: =G10*M10*0.000000001 -> 5.5483034e-08 | R10: =Q10*I10 -> 1.664491e-07 | S10: =H10-1950 -> 67 | T10: =I10/N10 -> 23.640732 | U10: =N10*S10 -> 8.5022747 | V10: =IF(I10<U10,R10/(1-(1-I10/U10)^3),R10)*10000 -> 0.0022833543 | W10: =I10/O10 -> 8.7285697 | X10: =O10*S10 -> 23.027828 | Y10: =IF(I10<X10,R10/(1-(1-I10/X10)^3),R10)*10000 -> 0.0048651383 | Z10: =2021-1950 -> 71 | AA10: {=_xlfn.IFS(I10<=X10,R10*(3/(S10^3 - (S10-W10)^3)),I10>X10,R10*(3/S10^3))} -> 4.852796e-12 | AB10: =(AA10/3)*(Z10^3)*10000 -> 0.0057895636 | AC10: =Y10-AB10 -> -0.00092442529 | AD10: =AB10*100/Y10 -> 119.00101
A11: Wan19a_A_9 | B11: 36 | C11: 122 | D11: Fibers | E11: 0.74 | F11: -1.66 | G11: 83.2 | H11: 2017 | I11: 3 | J11: 1 | K11: 96.56064 | L11: 50 | M11: 0.61037441 | N11: 0.12689962 | O11: 0.14041207 | P11: 87000 | Q11: =G11*M11*0.000000001 -> 5.0783151e-08 | R11: =Q11*I11 -> 1.5234945e-07 | S11: =H11-1950 -> 67 | T11: =I11/N11 -> 23.640732 | U11: =N11*S11 -> 8.5022747 | V11: =IF(I11<U11,R11/(1-(1-I11/U11)^3),R11)*10000 -> 0.0020899348 | W11: =I11/O11 -> 21.365685 | X11: =O11*S11 -> 9.4076085 | Y11: =IF(I11<X11,R11/(1-(1-I11/X11)^3),R11)*10000 -> 0.0022272438 | Z11: =2021-1950 -> 71 | AA11: {=_xlfn.IFS(I11<=X11,R11*(3/(S11^3 - (S11-W11)^3)),I11>X11,R11*(3/S11^3))} -> 2.2215935e-12 | AB11: =(AA11/3)*(Z11^3)*10000 -> 0.0026504425 | AC11: =Y11-AB11 -> -0.00042319876 | AD11: =AB11*100/Y11 -> 119.00101
A12: Wan19a_A_10 | B12: 35 | C12: 124 | D12: Fibers | E12: 0.67 | F12: -1.65 | G12: 77.4 | H12: 2017 | I12: 3 | J12: 1 | K12: 193.12128 | L12: 64 | M12: 0.61037441 | N12: 0.12513208 | O12: 0.14089302 | P12: 113000 | Q12: =G12*M12*0.000000001 -> 4.7242979e-08 | R12: =Q12*I12 -> 1.4172894e-07 | S12: =H12-1950 -> 67 | T12: =I12/N12 -> 23.974668 | U12: =N12*S12 -> 8.3838491 | V12: =IF(I12<U12,R12/(1-(1-I12/U12)^3),R12)*10000 -> 0.0019278087 | W12: =I12/O12 -> 21.292751 | X12: =O12*S12 -> 9.4398324 | Y12: =IF(I12<X12,R12/(1-(1-I12/X12)^3),R12)*10000 -> 0.0020765858 | Z12: =2021-1950 -> 71 | AA12: {=_xlfn.IFS(I12<=X12,R12*(3/(S12^3 - (S12-W12)^3)),I12>X12,R12*(3/S12^3))} -> 2.0713178e-12 | AB12: =(AA12/3)*(Z12^3)*10000 -> 0.002471158 | AC12: =Y12-AB12 -> -0.00039457222 | AD12: =AB12*100/Y12 -> 119.00101
A13: Wan19a_A_11 | B13: 36 | C13: 123 | D13: Fibers | E13: 0.82 | F13: -1.61 | G13: 94.9 | H13: 2017 | I13: 3 | J13: 1 | K13: 112.65408 | L13: 70 | M13: 0.61037441 | N13: 0.12438211 | O13: 0.13914418 | P13: 107000 | Q13: =G13*M13*0.000000001 -> 5.7924531e-08 | R13: =Q13*I13 -> 1.7377359e-07 | S13: =H13-1950 -> 67 | T13: =I13/N13 -> 24.119224 | U13: =N13*S13 -> 8.3336016 | V13: =IF(I13<U13,R13/(1-(1-I13/U13)^3),R13)*10000 -> 0.0023551607 | W13: =I13/O13 -> 21.56037 | X13: =O13*S13 -> 9.32266 | Y13: =IF(I13<X13,R13/(1-(1-I13/X13)^3),R13)*10000 -> 0.0025255821 | Z13: =2021-1950 -> 71 | AA13: {=_xlfn.IFS(I13<=X13,R13*(3/(S13^3 - (S13-W13)^3)),I13>X13,R13*(3/S13^3))} -> 2.519175e-12 | AB13: =(AA13/3)*(Z13^3)*10000 -> 0.0030054682 | AC13: =Y13-AB13 -> -0.00047988605 | AD13: =AB13*100/Y13 -> 119.00101
A14: Wan19a_A_12 | B14: 35 | C14: 124 | D14: Fibers | E14: 0.67 | F14: -1.69 | G14: 135 | H14: 2017 | I14: 3 | J14: 1 | K14: 193.12128 | L14: 72 | M14: 0.61037441 | N14: 0.12413313 | O14: 0.14089302 | P14: 113000 | Q14: =G14*M14*0.000000001 -> 8.2400545e-08 | R14: =Q14*I14 -> 2.4720164e-07 | S14: =H14-1950 -> 67 | T14: =I14/N14 -> 24.167602 | U14: =N14*S14 -> 8.3169194 | V14: =IF(I14<U14,R14/(1-(1-I14/U14)^3),R14)*10000 -> 0.0033463144 | W14: =I14/O14 -> 21.292751 | X14: =O14*S14 -> 9.4398324 | Y14: =IF(I14<X14,R14/(1-(1-I14/X14)^3),R14)*10000 -> 0.003621952 | Z14: =2021-1950 -> 71 | AA14: {=_xlfn.IFS(I14<=X14,R14*(3/(S14^3 - (S14-W14)^3)),I14>X14,R14*(3/S14^3))} -> 3.6127635e-12 | AB14: =(AA14/3)*(Z14^3)*10000 -> 0.0043101594 | AC14: =Y14-AB14 -> -0.00068820737 | AD14: =AB14*100/Y14 -> 119.00101
... A16: Wan19a_A_14 | B16: 32.3 | C16: 122.12 | D16: Fibers | E16: 0.8797 | F16: -1.43 | G16: 38 | H16: 2017 | I16: 3 | J16: 1 | K16: 80.4672 | L16: 26 | M16: 0.61037441 | N16: 0.09181562 | O16: 1.9778785 | P16: 48000 | Q16: =G16*M16*0.000000001 -> 2.3194228e-08 | R16: =Q16*I16 -> 6.9582683e-08 | S16: =H16-1950 -> 67 | T16: =I16/N16 -> 32.674179 | U16: =N16*S16 -> 6.1516465 | V16: =IF(I16<U16,R16/(1-(1-I16/U16)^3),R16)*10000 -> 0.00080393523 | W16: =I16/O16 -> 1.5167767 | X16: =O16*S16 -> 132.51786 | Y16: =IF(I16<X16,R16/(1-(1-I16/X16)^3),R16)*10000 -> 0.010480981 | Z16: =2021-1950 -> 71 | AA16: {=_xlfn.IFS(I16<=X16,R16*(3/(S16^3 - (S16-W16)^3)),I16>X16,R16*(3/S16^3))} -> 1.0454392e-11 | AB16: =(AA16/3)*(Z16^3)*10000 -> 0.012472473 | AC16: =Y16-AB16 -> -0.001991492 | AD16: =AB16*100/Y16 -> 119.00101
A17: Mu19_A_1 | B17: 66 | C17: -168 | D17: Fibers | E17: 64% fibers | F17: -1.22 | G17: 1.31 | H17: 2017 | I17: 5 | J17: 2 | K17: 155053.86 | L17: 71.16 | M17: 0.81517199 | N17: 0.12429491 | O17: 0.063551595 | P17: 27000 | Q17: =G17*M17*0.000000001 -> 1.0678753e-09 | R17: =Q17*I17 -> 5.3393765e-09 | S17: =H17-1950 -> 67 | T17: =I17/N17 -> 40.22691 | U17: =N17*S17 -> 8.3277587 | V17: =IF(I17<U17,R17/(1-(1-I17/U17)^3),R17)*10000 -> 5.7032886e-05 | W17: =I17/O17 -> 78.676232 | X17: =O17*S17 -> 4.2579569 | Y17: =IF(I17<X17,R17/(1-(1-I17/X17)^3),R17)*10000 -> 5.3393765e-05 | Z17: =2021-1950 -> 71 | AA17: {=_xlfn.IFS(I17<=X17,R17*(3/(S17^3 - (S17-W17)^3)),I17>X17,R17*(3/S17^3))} -> 5.3258312e-14 | AB17: =(AA17/3)*(Z17^3)*10000 -> 6.3539119e-05 | AC17: =Y17-AB17 -> -1.0145353e-05 | AD17: =AB17*100/Y17 -> 119.00101
A18: Alv20_A_1 | B18: 31.82 | C18: -116.72 | D18: Fibers | E18: 100% fibers | F18: -2.16 | G18: 27.7 | H18: 2016 | I18: 5 | J18: 74 | K18: 4912.5226 | L18: 72.416667 | M18: 0.49520066 | N18: 0.13261896 | O18: 0.18873249 | P18: 5000 | Q18: =G18*M18*0.000000001 -> 1.3717058e-08 | R18: =Q18*I18 -> 6.8585291e-08 | S18: =H18-1950 -> 66 | T18: =I18/N18 -> 37.702 | U18: =N18*S18 -> 8.7528512 | V18: =IF(I18<U18,R18/(1-(1-I18/U18)^3),R18)*10000 -> 0.0007445372 | W18: =I18/O18 -> 26.492524 | X18: =O18*S18 -> 12.456344 | Y18: =IF(I18<X18,R18/(1-(1-I18/X18)^3),R18)*10000 -> 0.00087313016 | Z18: =2021-1950 -> 71 | AA18: {=_xlfn.IFS(I18<=X18,R18*(3/(S18^3 - (S18-W18)^3)),I18>X18,R18*(3/S18^3))} -> 9.1110502e-13 | AB18: =(AA18/3)*(Z18^3)*10000 -> 0.0010869817 | AC18: =Y18-AB18 -> -0.00021385153 | AD18: =AB18*100/Y18 -> 124.49251
A19: Alv20_A_2 | B19: 31.82 | C19: -116.72 | D19: Fragments | E19: 100% fragments | F19: -3.83 | G19: 495 | H19: 2016 | I19: 5 | J19: 74 | K19: 4912.5226 | L19: 72.416667 | M19: 0.49520066 | N19: 0.13261896 | O19: 0.18873249 | P19: 5000 | Q19: =G19*M19*0.000000001 -> 2.4512433e-07 | R19: =Q19*I19 -> 1.2256216e-06 | S19: =H19-1950 -> 66 | T19: =I19/N19 -> 37.702 | U19: =N19*S19 -> 8.7528512 | V19: =IF(I19<U19,R19/(1-(1-I19/U19)^3),R19)*10000 -> 0.013304907 | W19: =I19/O19 -> 26.492524 | X19: =O19*S19 -> 12.456344 | Y19: =IF(I19<X19,R19/(1-(1-I19/X19)^3),R19)*10000 -> 0.015602868 | Z19: =2021-1950 -> 71 | AA19: {=_xlfn.IFS(I19<=X19,R19*(3/(S19^3 - (S19-W19)^3)),I19>X19,R19*(3/S19^3))} -> 1.628148e-11 | AB19: =(AA19/3)*(Z19^3)*10000 -> 0.019424402 | AC19: =Y19-AB19 -> -0.0038215346 | AD19: =AB19*100/Y19 -> 124.49251
A20: Zha20_A_1 | B20: 30.45 | C20: 122.45 | D20: Fibers | E20: 92% fibers | F20: -1.27 | G20: 3.56 | H20: 2018 | I20: 5 | J20: 75 | K20: 50416.724 | L20: 21.65 | M20: 0.61037441 | N20: 0.1310078 | O20: 1.0224486 | P20: 1000 | Q20: =G20*M20*0.000000001 -> 2.1729329e-09 | R20: =Q20*I20 -> 1.0864664e-08 | S20: =H20-1950 -> 68 | T20: =I20/N20 -> 38.165667 | U20: =N20*S20 -> 8.9085302 | V20: =IF(I20<U20,R20/(1-(1-I20/U20)^3),R20)*10000 -> 0.00011866874 | W20: =I20/O20 -> 4.8902215 | X20: =O20*S20 -> 69.526503 | Y20: =IF(I20<X20,R20/(1-(1-I20/X20)^3),R20)*10000 -> 0.00054160386 | Z20: =2021-1950 -> 71 | AA20: {=_xlfn.IFS(I20<=X20,R20*(3/(S20^3 - (S20-W20)^3)),I20>X20,R20*(3/S20^3))} -> 5.1674498e-13 | AB20: =(AA20/3)*(Z20^3)*10000 -> 0.00061649571 | AC20: =Y20-AB20 -> -7.489185e-05 | AD20: =AB20*100/Y20 -> 113.82779
A21: Hua20_A_1 | B21: 18.407564 | C21: 109.98518 | D21: Fibers | E21: 68% fibers | F21: -1.8 | G21: 2.12 | H21: 2018 | I21: 5 | J21: 76 | K21: 160.9344 | L21: 4.2 | M21: 1.3837436 | N21: 0.13285834 | O21: 0.54845273 | P21: 1000 | Q21: =G21*M21*0.000000001 -> 2.9335363e-09 | R21: =Q21*I21 -> 1.4667682e-08 | S21: =H21-1950 -> 68 | T21: =I21/N21 -> 37.634069 | U21: =N21*S21 -> 9.0343672 | V21: =IF(I21<U21,R21/(1-(1-I21/U21)^3),R21)*10000 -> 0.00016101519 | W21: =I21/O21 -> 9.116556 | X21: =O21*S21 -> 37.294785 | Y21: =IF(I21<X21,R21/(1-(1-I21/X21)^3),R21)*10000 -> 0.00041825346 | Z21: =2021-1950 -> 71 | AA21: {=_xlfn.IFS(I21<=X21,R21*(3/(S21^3 - (S21-W21)^3)),I21>X21,R21*(3/S21^3))} -> 3.9905619e-13 | AB21: =(AA21/3)*(Z21^3)*10000 -> 0.00047608867 | AC21: =Y21-AB21 -> -5.7835214e-05 | AD21: =AB21*100/Y21 -> 113.82779
A22: Hua20_A_2 | B22: 18.407564 | C22: 109.98518 | D22: Fibers | E22: 56% fibers | F22: -2.11 | G22: 9.7 | H22: 2018 | I22: 5 | J22: 76 | K22: 144.84096 | L22: 4.2 | M22: 1.6589305 | N22: 0.2027 | O22: 0.54845273 | P22: 1000 | Q22: =G22*M22*0.000000001 -> 1.6091626e-08 | R22: =Q22*I22 -> 8.0458129e-08 | S22: =H22-1950 -> 68 | T22: =I22/N22 -> 24.666996 | U22: =N22*S22 -> 13.7836 | V22: =IF(I22<U22,R22/(1-(1-I22/U22)^3),R22)*10000 -> 0.0010854815 | W22: =I22/O22 -> 9.116556 | X22: =O22*S22 -> 37.294785 | Y22: =IF(I22<X22,R22/(1-(1-I22/X22)^3),R22)*10000 -> 0.0022942883 | Z22: =2021-1950 -> 71 | AA22: {=_xlfn.IFS(I22<=X22,R22*(3/(S22^3 - (S22-W22)^3)),I22>X22,R22*(3/S22^3))} -> 2.1889836e-12 | AB22: =(AA22/3)*(Z22^3)*10000 -> 0.0026115377 | AC22: =Y22-AB22 -> -0.00031724939 | AD22: =AB22*100/Y22 -> 113.82779
A23: Hua20_A_3 | B23: 18.415724 | C23: 110.05434 | D23: Fibers | E23: 71% fibers | F23: -1.22 | G23: 98.2 | H23: 2018 | I23: 5 | J23: 76 | K23: 241.4016 | L23: 5.5 | M23: 1.3837436 | N23: 0.13285834 | O23: 0.25807987 | P23: 1000 | Q23: =G23*M23*0.000000001 -> 1.3588362e-07 | R23: =Q23*I23 -> 6.7941809e-07 | S23: =H23-1950 -> 68 | T23: =I23/N23 -> 37.634069 | U23: =N23*S23 -> 9.0343672 | V23: =IF(I23<U23,R23/(1-(1-I23/U23)^3),R23)*10000 -> 0.0074583452 | W23: =I23/O23 -> 19.373847 | X23: =O23*S23 -> 17.549431 | Y23: =IF(I23<X23,R23/(1-(1-I23/X23)^3),R23)*10000 -> 0.010710708 | Z23: =2021-1950 -> 71 | AA23: {=_xlfn.IFS(I23<=X23,R23*(3/(S23^3 - (S23-W23)^3)),I23>X23,R23*(3/S23^3))} -> 1.0219101e-11 | AB23: =(AA23/3)*(Z23^3)*10000 -> 0.012191763 | AC23: =Y23-AB23 -> -0.0014810544 | AD23: =AB23*100/Y23 -> 113.82779
A24: Hua20_A_4 | B24: 18.415724 | C24: 110.05434 | D24: Fragments | E24: 61% fragments | F24: -1.59 | G24: 2060 | H24: 2018 | I24: 5 | J24: 76 | K24: 257.49504 | L24: 5.5 | M24: 1.6589305 | N24: 0.2027 | O24: 0.25807987 | P24: 1000 | Q24: =G24*M24*0.000000001 -> 3.4173968e-06 | R24: =Q24*I24 -> 1.7086984e-05 | S24: =H24-1950 -> 68 | T24: =I24/N24 -> 24.666996 | U24: =N24*S24 -> 13.7836 | V24: =IF(I24<U24,R24/(1-(1-I24/U24)^3),R24)*10000 -> 0.23052494 | W24: =I24/O24 -> 19.373847 | X24: =O24*S24 -> 17.549431 | Y24: =IF(I24<X24,R24/(1-(1-I24/X24)^3),R24)*10000 -> 0.26936831 | Z24: =2021-1950 -> 71 | AA24: {=_xlfn.IFS(I24<=X24,R24*(3/(S24^3 - (S24-W24)^3)),I24>X24,R24*(3/S24^3))} -> 2.5700467e-10 | AB24: =(AA24/3)*(Z24^3)*10000 -> 0.306616 | AC24: =Y24-AB24 -> -0.037247687 | AD24: =AB24*100/Y24 -> 113.82779
A25: Alv19_A_1 | B25: -22.84 | C25: -43.16 | D25: Fibers | E25: 81% fibers | F25: -2.67 | G25: 6470 | H25: 2017 | I25: 5 | J25: 84 | K25: 2321.4787 | L25: 0 | M25: 1.3738833 | N25: 0.13341858 | O25: 0.89874914 | P25: 2000 | Q25: =G25*M25*0.000000001 -> 8.8890248e-06 | R25: =Q25*I25 -> 4.4445124e-05 | S25: =H25-1950 -> 67 | T25: =I25/N25 -> 37.476038 | U25: =N25*S25 -> 8.9390452 | V25: =IF(I25<U25,R25/(1-(1-I25/U25)^3),R25)*10000 -> 0.48603953 | W25: =I25/O25 -> 5.5632877 | X25: =O25*S25 -> 60.216192 | Y25: =IF(I25<X25,R25/(1-(1-I25/X25)^3),R25)*10000 -> 1.9409121 | Z25: =2021-1950 -> 71 | AA25: {=_xlfn.IFS(I25<=X25,R25*(3/(S25^3 - (S25-W25)^3)),I25>X25,R25*(3/S25^3))} -> 1.9359882e-09 | AB25: =(AA25/3)*(Z25^3)*10000 -> 2.3097049 | AC25: =Y25-AB25 -> -0.36879285 | AD25: =AB25*100/Y25 -> 119.00101
A26: Haa19_A_1 | B26: 60.435399 | C26: 5.257967 | D26: Fragments | E26: no | F26: -2.62 | G26: 512000 | H26: 2015 | I26: 1 | J26: 72 | K26: =J26*1609.344 -> 115872.77 | L26: 333 | M26: 3.4884441 | N26: 0.095569952 | O26: 0.072594822 | P26: 1000 | Q26: =G26*M26*0.000000001 -> 0.0017860834 | R26: =Q26*I26 -> 0.0017860834 | S26: =H26-1950 -> 65 | T26: =I26/N26 -> 10.46354 | U26: =N26*S26 -> 6.2120469 | V26: =IF(I26<U26,R26/(1-(1-I26/U26)^3),R26)*10000 -> 43.630814 | W26: =I26/O26 -> 13.775087 | X26: =O26*S26 -> 4.7186635 | Y26: =IF(I26<X26,R26/(1-(1-I26/X26)^3),R26)*10000 -> 34.983151 | Z26: =2021-1950 -> 71 | AA26: {=_xlfn.IFS(I26<=X26,R26*(3/(S26^3 - (S26-W26)^3)),I26>X26,R26*(3/S26^3))} -> 3.821555e-08 | AB26: =(AA26/3)*(Z26^3)*10000 -> 45.592552 | AC26: =Y26-AB26 -> -10.609401 | AD26: =AB26*100/Y26 -> 130.32717
A27: Haa19_A_2 | B27: 60.397097 | C27: 5.2166774 | D27: Fragments | E27: no | F27: -2.67 | G27: 62400 | H27: 2015 | I27: 1 | J27: 72 | K27: =J27*1609.344 -> 115872.77 | L27: 322 | M27: 3.4884441 | N27: 0.096629046 | O27: 0.072594822 | P27: land | Q27: =G27*M27*0.000000001 -> 0.00021767891 | R27: =Q27*I27 -> 0.00021767891 | S27: =H27-1950 -> 65 | T27: =I27/N27 -> 10.348855 | U27: =N27*S27 -> 6.280888 | V27: =IF(I27<U27,R27/(1-(1-I27/U27)^3),R27)*10000 -> 5.3664554 | W27: =I27/O27 -> 13.775087 | X27: =O27*S27 -> 4.7186635 | Y27: =IF(I27<X27,R27/(1-(1-I27/X27)^3),R27)*10000 -> 4.2635716 | Z27: =2021-1950 -> 71 | AA27: {=_xlfn.IFS(I27<=X27,R27*(3/(S27^3 - (S27-W27)^3)),I27>X27,R27*(3/S27^3))} -> 4.6575202e-09 | AB27: =(AA27/3)*(Z27^3)*10000 -> 5.5565923 | AC27: =Y27-AB27 -> -1.2930207 | AD27: =AB27*100/Y27 -> 130.32717
A28: Haa19_A_3 | B28: 60.47975 | C28: 5.2385479 | D28: Fragments | E28: no | F28: -3.3 | G28: 39000 | H28: 2015 | I28: 1 | J28: 72 | K28: =J28*1609.344 -> 115872.77 | L28: 315 | M28: 3.4884441 | N28: 0.097309117 | O28: 0.072594822 | P28: 1000 | Q28: =G28*M28*0.000000001 -> 0.00013604932 | R28: =Q28*I28 -> 0.00013604932 | S28: =H28-1950 -> 65 | T28: =I28/N28 -> 10.276529 | U28: =N28*S28 -> 6.3250926 | V28: =IF(I28<U28,R28/(1-(1-I28/U28)^3),R28)*10000 -> 3.3736874 | W28: =I28/O28 -> 13.775087 | X28: =O28*S28 -> 4.7186635 | Y28: =IF(I28<X28,R28/(1-(1-I28/X28)^3),R28)*10000 -> 2.6647322 | Z28: =2021-1950 -> 71 | AA28: {=_xlfn.IFS(I28<=X28,R28*(3/(S28^3 - (S28-W28)^3)),I28>X28,R28*(3/S28^3))} -> 2.9109501e-09 | AB28: =(AA28/3)*(Z28^3)*10000 -> 3.4728702 | AC28: =Y28-AB28 -> -0.80813797 | AD28: =AB28*100/Y28 -> 130.32717
A29: Lor19_A_1 | B29: 53.5 | C29: 4.5 | D29: Fragments | E29: no | F29: -3.49 | G29: 9.59 | H29: 2014 | I29: 5 | J29: 87 | K29: 24790.195 | L29: 22.086957 | M29: 1.2247536 | N29: 0.13286297 | O29: 0.18146901 | P29: 39000 | Q29: =G29*M29*0.000000001 -> 1.1745387e-08 | R29: =Q29*I29 -> 5.8726936e-08 | S29: =H29-1950 -> 64 | T29: =I29/N29 -> 37.632758 | U29: =N29*S29 -> 8.50323 | V29: =IF(I29<U29,R29/(1-(1-I29/U29)^3),R29)*10000 -> 0.00063142389 | W29: =I29/O29 -> 27.552914 | X29: =O29*S29 -> 11.614017 | Y29: =IF(I29<X29,R29/(1-(1-I29/X29)^3),R29)*10000 -> 0.00072030386 | Z29: =2021-1950 -> 71 | AA29: {=_xlfn.IFS(I29<=X29,R29*(3/(S29^3 - (S29-W29)^3)),I29>X29,R29*(3/S29^3))} -> 8.2432235e-13 | AB29: =(AA29/3)*(Z29^3)*10000 -> 0.00098344679 | AC29: =Y29-AB29 -> -0.00026314293 | AD29: =AB29*100/Y29 -> 136.53221
A30: Jah19_A_1 | B30: -32.62011 | C30: 152.40008 | D30: Fragments | E30: 80% fragments | F30: -2.04 | G30: 64300 | H30: 2017 | I30: 5 | J30: 100 | K30: 0 | L30: 0 | M30: 1.0774797 | N30: 0.13341858 | O30: 0.015403806 | P30: 7000 | Q30: =G30*M30*0.000000001 -> 6.9281943e-05 | R30: =Q30*I30 -> 0.00034640971 | S30: =H30-1950 -> 67 | T30: =I30/N30 -> 37.476038 | U30: =N30*S30 -> 8.9390452 | V30: =IF(I30<U30,R30/(1-(1-I30/U30)^3),R30)*10000 -> 3.7882404 | W30: =I30/O30 -> 324.59511 | X30: =O30*S30 -> 1.032055 | Y30: =IF(I30<X30,R30/(1-(1-I30/X30)^3),R30)*10000 -> 3.4640971 | Z30: =2021-1950 -> 71 | AA30: {=_xlfn.IFS(I30<=X30,R30*(3/(S30^3 - (S30-W30)^3)),I30>X30,R30*(3/S30^3))} -> 3.4553091e-09 | AB30: =(AA30/3)*(Z30^3)*10000 -> 4.1223105 | AC30: =Y30-AB30 -> -0.65821335 | AD30: =AB30*100/Y30 -> 119.00101
A31: Lin17_A_1 | B31: -34.97 | C31: 150.79 | D31: Fibres | E31: 100% fibers | F31: -1.43 | G31: 78.8 | H31: 2015 | I31: 7 | J31: 55 | K31: 200.16216 | L31: 6.421875 | M31: 1.0774797 | N31: 0.13271872 | O31: 0.015681874 | P31: land | Q31: =G31*M31*0.000000001 -> 8.4905398e-08 | R31: =Q31*I31 -> 5.9433779e-07 | S31: =H31-1950 -> 65 | T31: =I31/N31 -> 52.743124 | U31: =N31*S31 -> 8.626717 | V31: =IF(I31<U31,R31/(1-(1-I31/U31)^3),R31)*10000 -> 0.0059834973 | W31: =I31/O31 -> 446.37521 | X31: =O31*S31 -> 1.0193218 | Y31: =IF(I31<X31,R31/(1-(1-I31/X31)^3),R31)*10000 -> 0.0059433779 | Z31: =2021-1950 -> 71 | AA31: {=_xlfn.IFS(I31<=X31,R31*(3/(S31^3 - (S31-W31)^3)),I31>X31,R31*(3/S31^3))} -> 6.4925384e-12 | AB31: =(AA31/3)*(Z31^3)*10000 -> 0.0077458364 | AC31: =Y31-AB31 -> -0.0018024585 | AD31: =AB31*100/Y31 -> 130.32717
A32: Lin17_A_2 | B32: -34.97 | C32: 150.79 | D32: Fragments | E32: 100% fragments | F32: -1.88 | G32: 36700 | H32: 2015 | I32: 7 | J32: 55 | K32: 200.16216 | L32: 6.421875 | M32: 1.0774797 | N32: 0.13271872 | O32: 0.015681874 | P32: land | Q32: =G32*M32*0.000000001 -> 3.9543504e-05 | R32: =Q32*I32 -> 0.00027680453 | S32: =H32-1950 -> 65 | T32: =I32/N32 -> 52.743124 | U32: =N32*S32 -> 8.626717 | V32: =IF(I32<U32,R32/(1-(1-I32/U32)^3),R32)*10000 -> 2.7867303 | W32: =I32/O32 -> 446.37521 | X32: =O32*S32 -> 1.0193218 | Y32: =IF(I32<X32,R32/(1-(1-I32/X32)^3),R32)*10000 -> 2.7680453 | Z32: =2021-1950 -> 71 | AA32: {=_xlfn.IFS(I32<=X32,R32*(3/(S32^3 - (S32-W32)^3)),I32>X32,R32*(3/S32^3))} -> 3.0238091e-09 | AB32: =(AA32/3)*(Z32^3)*10000 -> 3.6075152 | AC32: =Y32-AB32 -> -0.83946989 | AD32: =AB32*100/Y32 -> 130.32717
A33: Lin17_A_3 | B33: -35.24 | C33: 138.41 | D33: Fibres | E33: 100% fibers | F33: -1.82 | G33: 129 | H33: 2015 | I33: 7 | J33: 55 | K33: 2402.5207 | L33: 6.7957143 | M33: 0.82293429 | N33: 0.13257547 | O33: 0.023202468 | P33: 4000 | Q33: =G33*M33*0.000000001 -> 1.0615852e-07 | R33: =Q33*I33 -> 7.4310967e-07 | S33: =H33-1950 -> 65 | T33: =I33/N33 -> 52.800116 | U33: =N33*S33 -> 8.6174053 | V33: =IF(I33<U33,R33/(1-(1-I33/U33)^3),R33)*10000 -> 0.0074805574 | W33: =I33/O33 -> 301.69204 | X33: =O33*S33 -> 1.5081604 | Y33: =IF(I33<X33,R33/(1-(1-I33/X33)^3),R33)*10000 -> 0.0074310967 | Z33: =2021-1950 -> 71 | AA33: {=_xlfn.IFS(I33<=X33,R33*(3/(S33^3 - (S33-W33)^3)),I33>X33,R33*(3/S33^3))} -> 8.1177205e-12 | AB33: =(AA33/3)*(Z33^3)*10000 -> 0.0096847382 | AC33: =Y33-AB33 -> -0.0022536416 | AD33: =AB33*100/Y33 -> 130.32717
A34: Lin17_A_4 | B34: -35.24 | C34: 138.41 | D34: Fragments | E34: 100% fragments | F34: -1.85 | G34: 214000 | H34: 2015 | I34: 7 | J34: 55 | K34: 2402.5207 | L34: 6.7957143 | M34: 0.82293429 | N34: 0.13257547 | O34: 0.023202468 | P34: 4000 | Q34: =G34*M34*0.000000001 -> 0.00017610794 | R34: =Q34*I34 -> 0.0012327556 | S34: =H34-1950 -> 65 | T34: =I34/N34 -> 52.800116 | U34: =N34*S34 -> 8.6174053 | V34: =IF(I34<U34,R34/(1-(1-I34/U34)^3),R34)*10000 -> 12.409607 | W34: =I34/O34 -> 301.69204 | X34: =O34*S34 -> 1.5081604 | Y34: =IF(I34<X34,R34/(1-(1-I34/X34)^3),R34)*10000 -> 12.327556 | Z34: =2021-1950 -> 71 | AA34: {=_xlfn.IFS(I34<=X34,R34*(3/(S34^3 - (S34-W34)^3)),I34>X34,R34*(3/S34^3))} -> 1.3466606e-08 | AB34: =(AA34/3)*(Z34^3)*10000 -> 16.066155 | AC34: =Y34-AB34 -> -3.7385992 | AD34: =AB34*100/Y34 -> 130.32717
A35: Lin17_A_5 | B35: -42.74 | C35: 147.61 | D35: Fibres | E35: 100% fibers | F35: -1.64 | G35: 106 | H35: 2015 | I35: 7 | J35: 55 | K35: 352.81772 | L35: 6.2692308 | M35: 1.0774797 | N35: 0.1326194 | O35: 0.10082447 | P35: land | Q35: =G35*M35*0.000000001 -> 1.1421284e-07 | R35: =Q35*I35 -> 7.9948991e-07 | S35: =H35-1950 -> 65 | T35: =I35/N35 -> 52.782626 | U35: =N35*S35 -> 8.6202607 | V35: =IF(I35<U35,R35/(1-(1-I35/U35)^3),R35)*10000 -> 0.0080483433 | W35: =I35/O35 -> 69.427587 | X35: =O35*S35 -> 6.5535908 | Y35: =IF(I35<X35,R35/(1-(1-I35/X35)^3),R35)*10000 -> 0.0079948991 | Z35: =2021-1950 -> 71 | AA35: {=_xlfn.IFS(I35<=X35,R35*(3/(S35^3 - (S35-W35)^3)),I35>X35,R35*(3/S35^3))} -> 8.7336176e-12 | AB35: =(AA35/3)*(Z35^3)*10000 -> 0.010419526 | AC35: =Y35-AB35 -> -0.0024246269 | AD35: =AB35*100/Y35 -> 130.32717
A36: Lin17_A_6 | B36: -42.74 | C36: 147.61 | D36: Fragments | E36: 100% fragments | F36: -2.01 | G36: 61200 | H36: 2015 | I36: 7 | J36: 55 | K36: 352.81772 | L36: 6.2692308 | M36: 1.0774797 | N36: 0.1326194 | O36: 0.10082447 | P36: land | Q36: =G36*M36*0.000000001 -> 6.5941756e-05 | R36: =Q36*I36 -> 0.00046159229 | S36: =H36-1950 -> 65 | T36: =I36/N36 -> 52.782626 | U36: =N36*S36 -> 8.6202607 | V36: =IF(I36<U36,R36/(1-(1-I36/U36)^3),R36)*10000 -> 4.6467793 | W36: =I36/O36 -> 69.427587 | X36: =O36*S36 -> 6.5535908 | Y36: =IF(I36<X36,R36/(1-(1-I36/X36)^3),R36)*10000 -> 4.6159229 | Z36: =2021-1950 -> 71 | AA36: {=_xlfn.IFS(I36<=X36,R36*(3/(S36^3 - (S36-W36)^3)),I36>X36,R36*(3/S36^3))} -> 5.0424283e-09 | AB36: =(AA36/3)*(Z36^3)*10000 -> 6.0158018 | AC36: =Y36-AB36 -> -1.3998789 | AD36: =AB36*100/Y36 -> 130.32717
A37: Lin17_A_7 | B37: -38.08 | C37: 144.8 | D37: Fibres | E37: 100% fibers | F37: -1.65 | G37: 99.5 | H37: 2015 | I37: 7 | J37: 55 | K37: 1818.5587 | L37: 7.145 | M37: 1.0774797 | N37: 0.13246755 | O37: 0.32499763 | P37: 10000 | Q37: =G37*M37*0.000000001 -> 1.0720923e-07 | R37: =Q37*I37 -> 7.5046459e-07 | S37: =H37-1950 -> 65 | T37: =I37/N37 -> 52.843129 | U37: =N37*S37 -> 8.610391 | V37: =IF(I37<U37,R37/(1-(1-I37/U37)^3),R37)*10000 -> 0.0075540663 | W37: =I37/O37 -> 21.538619 | X37: =O37*S37 -> 21.124846 | Y37: =IF(I37<X37,R37/(1-(1-I37/X37)^3),R37)*10000 -> 0.010704571 | Z37: =2021-1950 -> 71 | AA37: {=_xlfn.IFS(I37<=X37,R37*(3/(S37^3 - (S37-W37)^3)),I37>X37,R37*(3/S37^3))} -> 1.1693659e-11 | AB37: =(AA37/3)*(Z37^3)*10000 -> 0.013950964 | AC37: =Y37-AB37 -> -0.0032463937 | AD37: =AB37*100/Y37 -> 130.32717
A38: Lin17_A_8 | B38: -38.08 | C38: 144.8 | D38: Fragments | E38: 100% fragments | F38: -1.74 | G38: 100000 | H38: 2015 | I38: 7 | J38: 55 | K38: 1818.5587 | L38: 7.145 | M38: 1.0774797 | N38: 0.13246755 | O38: 0.32499763 | P38: 10000 | Q38: =G38*M38*0.000000001 -> 0.00010774797 | R38: =Q38*I38 -> 0.00075423577 | S38: =H38-1950 -> 65 | T38: =I38/N38 -> 52.843129 | U38: =N38*S38 -> 8.610391 | V38: =IF(I38<U38,R38/(1-(1-I38/U38)^3),R38)*10000 -> 7.5920264 | W38: =I38/O38 -> 21.538619 | X38: =O38*S38 -> 21.124846 | Y38: =IF(I38<X38,R38/(1-(1-I38/X38)^3),R38)*10000 -> 10.758362 | Z38: =2021-1950 -> 71 | AA38: {=_xlfn.IFS(I38<=X38,R38*(3/(S38^3 - (S38-W38)^3)),I38>X38,R38*(3/S38^3))} -> 1.1752421e-08 | AB38: =(AA38/3)*(Z38^3)*10000 -> 14.02107 | AC38: =Y38-AB38 -> -3.2627072 | AD38: =AB38*100/Y38 -> 130.32717
A39: Nor14_A_1 | B39: 1.266762 | C39: 103.8005 | D39: Fibers | E39: 72% fibers | F39: -1.29 | G39: 0.577 | H39: 2012 | I39: 4 | J39: 16 | K39: 55.177509 | L39: 0 | M39: 1.6356767 | N39: 0.5527 | O39: 1.2212831 | P39: land | Q39: =G39*M39*0.000000001 -> 9.4378545e-10 | R39: =Q39*I39 -> 3.7751418e-09 | S39: =H39-1950 -> 62 | T39: =I39/N39 -> 7.2371992 | U39: =N39*S39 -> 34.2674 | V39: =IF(I39<U39,R39/(1-(1-I39/U39)^3),R39)*10000 -> 0.00012142601 | W39: =I39/O39 -> 3.275244 | X39: =O39*S39 -> 75.71955 | Y39: =IF(I39<X39,R39/(1-(1-I39/X39)^3),R39)*10000 -> 0.00025124892 | Z39: =2021-1950 -> 71 | AA39: {=_xlfn.IFS(I39<=X39,R39*(3/(S39^3 - (S39-W39)^3)),I39>X39,R39*(3/S39^3))} -> 3.1626446e-13 | AB39: =(AA39/3)*(Z39^3)*10000 -> 0.0003773151 | AC39: =Y39-AB39 -> -0.00012606618 | AD39: =AB39*100/Y39 -> 150.17581
A40: Wanb19_A_1 | B40: 37.11556 | C40: 122.48 | D40: Fibers | E40: 0.96 | F40: -1.69 | G40: 118 | H40: 2017 | I40: 5 | J40: 102 | M40: 0.61037441 | N40: 0.1324198 | O40: 0.49764695 | P40: 2000 | Q40: =G40*M40*0.000000001 -> 7.202418e-08 | R40: =Q40*I40 -> 3.601209e-07 | S40: =H40-1950 -> 67 | T40: =I40/N40 -> 37.758704 | U40: =N40*S40 -> 8.8721266 | V40: =IF(I40<U40,R40/(1-(1-I40/U40)^3),R40)*10000 -> 0.0039277267 | W40: =I40/O40 -> 10.047283 | X40: =O40*S40 -> 33.342346 | Y40: =IF(I40<X40,R40/(1-(1-I40/X40)^3),R40)*10000 -> 0.0093347053 | Z40: =2021-1950 -> 71 | AA40: {=_xlfn.IFS(I40<=X40,R40*(3/(S40^3 - (S40-W40)^3)),I40>X40,R40*(3/S40^3))} -> 9.3110242e-12 | AB40: =(AA40/3)*(Z40^3)*10000 -> 0.011108393 | AC40: =Y40-AB40 -> -0.001773688 | AD40: =AB40*100/Y40 -> 119.00101
A41: Wanb19_A_2 | B41: 37.11556 | C41: 122.50917 | D41: Fibers | E41: 0.95 | F41: -1.69 | G41: 77.6 | H41: 2017 | I41: 5 | J41: 102 | M41: 0.61037441 | N41: 0.1324198 | O41: 0.47844016 | P41: 3000 | Q41: =G41*M41*0.000000001 -> 4.7365054e-08 | R41: =Q41*I41 -> 2.3682527e-07 | S41: =H41-1950 -> 67 | T41: =I41/N41 -> 37.758704 | U41: =N41*S41 -> 8.8721266 | V41: =IF(I41<U41,R41/(1-(1-I41/U41)^3),R41)*10000 -> 0.0025829796 | W41: =I41/O41 -> 10.450628 | X41: =O41*S41 -> 32.055491 | Y41: =IF(I41<X41,R41/(1-(1-I41/X41)^3),R41)*10000 -> 0.0059392715 | Z41: =2021-1950 -> 71 | AA41: {=_xlfn.IFS(I41<=X41,R41*(3/(S41^3 - (S41-W41)^3)),I41>X41,R41*(3/S41^3))} -> 5.9242043e-12 | AB41: =(AA41/3)*(Z41^3)*10000 -> 0.007067793 | AC41: =Y41-AB41 -> -0.0011285214 | AD41: =AB41*100/Y41 -> 119.00101
A42: Wanb19_A_3 | B42: 37.11556 | C42: 122.57056 | D42: Fibers | E42: 0.81 | F42: -1.69 | G42: 89.5 | H42: 2017 | I42: 5 | J42: 102 | M42: 0.61037441 | N42: 0.1324198 | O42: 0.47844016 | P42: 4000 | Q42: =G42*M42*0.000000001 -> 5.462851e-08 | R42: =Q42*I42 -> 2.7314255e-07 | S42: =H42-1950 -> 67 | T42: =I42/N42 -> 37.758704 | U42: =N42*S42 -> 8.8721266 | V42: =IF(I42<U42,R42/(1-(1-I42/U42)^3),R42)*10000 -> 0.0029790809 | W42: =I42/O42 -> 10.450628 | X42: =O42*S42 -> 32.055491 | Y42: =IF(I42<X42,R42/(1-(1-I42/X42)^3),R42)*10000 -> 0.0068500619 | Z42: =2021-1950 -> 71 | AA42: {=_xlfn.IFS(I42<=X42,R42*(3/(S42^3 - (S42-W42)^3)),I42>X42,R42*(3/S42^3))} -> 6.8326841e-12 | AB42: =(AA42/3)*(Z42^3)*10000 -> 0.0081516427 | AC42: =Y42-AB42 -> -0.0013015808 | AD42: =AB42*100/Y42 -> 119.00101
A43: Wanb19_A_4 | B43: 37.11556 | C43: 122.59722 | D43: Fibers | E43: 0.9 | F43: -1.7 | G43: 121 | H43: 2017 | I43: 5 | J43: 102 | M43: 0.61037441 | N43: 0.1324198 | O43: 0.54292459 | P43: 5000 | Q43: =G43*M43*0.000000001 -> 7.3855303e-08 | R43: =Q43*I43 -> 3.6927652e-07 | S43: =H43-1950 -> 67 | T43: =I43/N43 -> 37.758704 | U43: =N43*S43 -> 8.8721266 | V43: =IF(I43<U43,R43/(1-(1-I43/U43)^3),R43)*10000 -> 0.0040275842 | W43: =I43/O43 -> 9.2093821 | X43: =O43*S43 -> 36.375948 | Y43: =IF(I43<X43,R43/(1-(1-I43/X43)^3),R43)*10000 -> 0.010307012 | Z43: =2021-1950 -> 71 | AA43: {=_xlfn.IFS(I43<=X43,R43*(3/(S43^3 - (S43-W43)^3)),I43>X43,R43*(3/S43^3))} -> 1.0280864e-11 | AB43: =(AA43/3)*(Z43^3)*10000 -> 0.012265448 | AC43: =Y43-AB43 -> -0.001958436 | AD43: =AB43*100/Y43 -> 119.00101
A44: Wanb19_A_5 | B44: 37.11556 | C44: 122.66889 | D44: Fibers | E44: 0.83 | F44: -1.65 | G44: 78.6 | H44: 2017 | I44: 5 | J44: 102 | M44: 0.61037441 | N44: 0.1324198 | O44: 0.33336597 | P44: 9000 | Q44: =G44*M44*0.000000001 -> 4.7975429e-08 | R44: =Q44*I44 -> 2.3987714e-07 | S44: =H44-1950 -> 67 | T44: =I44/N44 -> 37.758704 | U44: =N44*S44 -> 8.8721266 | V44: =IF(I44<U44,R44/(1-(1-I44/U44)^3),R44)*10000 -> 0.0026162654 | W44: =I44/O44 -> 14.998532 | X44: =O44*S44 -> 22.33552 | Y44: =IF(I44<X44,R44/(1-(1-I44/X44)^3),R44)*10000 -> 0.0045051067 | Z44: =2021-1950 -> 71 | AA44: {=_xlfn.IFS(I44<=X44,R44*(3/(S44^3 - (S44-W44)^3)),I44>X44,R44*(3/S44^3))} -> 4.4936777e-12 | AB44: =(AA44/3)*(Z44^3)*10000 -> 0.0053611223 | AC44: =Y44-AB44 -> -0.00085601565 | AD44: =AB44*100/Y44 -> 119.00101
A45: Wanb19_A_6 | B45: 37.06939 | C45: 122.48 | D45: Fibers | E45: 0.69 | F45: -1.6 | G45: 87.4 | H45: 2017 | I45: 5 | J45: 102 | M45: 0.61037441 | N45: 0.1324198 | O45: 0.49715752 | P45: 2000 | Q45: =G45*M45*0.000000001 -> 5.3346723e-08 | R45: =Q45*I45 -> 2.6673362e-07 | S45: =H45-1950 -> 67 | T45: =I45/N45 -> 37.758704 | U45: =N45*S45 -> 8.8721266 | V45: =IF(I45<U45,R45/(1-(1-I45/U45)^3),R45)*10000 -> 0.0029091806 | W45: =I45/O45 -> 10.057175 | X45: =O45*S45 -> 33.309554 | Y45: =IF(I45<X45,R45/(1-(1-I45/X45)^3),R45)*10000 -> 0.006908281 | Z45: =2021-1950 -> 71 | AA45: {=_xlfn.IFS(I45<=X45,R45*(3/(S45^3 - (S45-W45)^3)),I45>X45,R45*(3/S45^3))} -> 6.8907555e-12 | AB45: =(AA45/3)*(Z45^3)*10000 -> 0.008220924 | AC45: =Y45-AB45 -> -0.001312643 | AD45: =AB45*100/Y45 -> 119.00101
A46: Wanb19_A_7 | B46: 37.06939 | C46: 122.50833 | D46: Fibers | E46: 0.97 | F46: -1.74 | G46: 70 | H46: 2017 | I46: 5 | J46: 102 | M46: 0.61037441 | N46: 0.1324198 | O46: 0.53254045 | P46: 3000 | Q46: =G46*M46*0.000000001 -> 4.2726209e-08 | R46: =Q46*I46 -> 2.1363104e-07 | S46: =H46-1950 -> 67 | T46: =I46/N46 -> 37.758704 | U46: =N46*S46 -> 8.8721266 | V46: =IF(I46<U46,R46/(1-(1-I46/U46)^3),R46)*10000 -> 0.0023300074 | W46: =I46/O46 -> 9.3889581 | X46: =O46*S46 -> 35.68021 | Y46: =IF(I46<X46,R46/(1-(1-I46/X46)^3),R46)*10000 -> 0.0058651077 | Z46: =2021-1950 -> 71 | AA46: {=_xlfn.IFS(I46<=X46,R46*(3/(S46^3 - (S46-W46)^3)),I46>X46,R46*(3/S46^3))} -> 5.8502286e-12 | AB46: =(AA46/3)*(Z46^3)*10000 -> 0.0069795372 | AC46: =Y46-AB46 -> -0.0011144295 | AD46: =AB46*100/Y46 -> 119.00101
A47: Wanb19_A_8 | B47: 37.06939 | C47: 122.57111 | D47: Fibers | E47: 0.95 | F47: -1.57 | G47: 95.4 | H47: 2017 | I47: 5 | J47: 102 | M47: 0.61037441 | N47: 0.1324198 | O47: 0.53254045 | P47: 2000 | Q47: =G47*M47*0.000000001 -> 5.8229719e-08 | R47: =Q47*I47 -> 2.9114859e-07 | S47: =H47-1950 -> 67 | T47: =I47/N47 -> 37.758704 | U47: =N47*S47 -> 8.8721266 | V47: =IF(I47<U47,R47/(1-(1-I47/U47)^3),R47)*10000 -> 0.0031754672 | W47: =I47/O47 -> 9.3889581 | X47: =O47*S47 -> 35.68021 | Y47: =IF(I47<X47,R47/(1-(1-I47/X47)^3),R47)*10000 -> 0.0079933039 | Z47: =2021-1950 -> 71 | AA47: {=_xlfn.IFS(I47<=X47,R47*(3/(S47^3 - (S47-W47)^3)),I47>X47,R47*(3/S47^3))} -> 7.9730258e-12 | AB47: =(AA47/3)*(Z47^3)*10000 -> 0.0095121122 | AC47: =Y47-AB47 -> -0.0015188083 | AD47: =AB47*100/Y47 -> 119.00101
A48: Wanb19_A_9 | B48: 37.06939 | C48: 122.59889 | D48: Fibers | E48: 0.86 | F48: -1.66 | G48: 87.8 | H48: 2017 | I48: 5 | J48: 102 | M48: 0.61037441 | N48: 0.1324198 | O48: 0.34016312 | P48: 4000 | Q48: =G48*M48*0.000000001 -> 5.3590873e-08 | R48: =Q48*I48 -> 2.6795437e-07 | S48: =H48-1950 -> 67 | T48: =I48/N48 -> 37.758704 | U48: =N48*S48 -> 8.8721266 | V48: =IF(I48<U48,R48/(1-(1-I48/U48)^3),R48)*10000 -> 0.002922495 | W48: =I48/O48 -> 14.69883 | X48: =O48*S48 -> 22.790929 | Y48: =IF(I48<X48,R48/(1-(1-I48/X48)^3),R48)*10000 -> 0.0051104576 | Z48: =2021-1950 -> 71 | AA48: {=_xlfn.IFS(I48<=X48,R48*(3/(S48^3 - (S48-W48)^3)),I48>X48,R48*(3/S48^3))} -> 5.097493e-12 | AB48: =(AA48/3)*(Z48^3)*10000 -> 0.0060814961 | AC48: =Y48-AB48 -> -0.00097103844 | AD48: =AB48*100/Y48 -> 119.00101
A49: Wanb19_A_10 | B49: 37.06939 | C49: 122.66889 | D49: Fibers | E49: 0.91 | F49: -1.66 | G49: 41.3 | H49: 2017 | I49: 5 | J49: 102 | M49: 0.61037441 | N49: 0.1324198 | O49: 0.22625906 | P49: 9000 | Q49: =G49*M49*0.000000001 -> 2.5208463e-08 | R49: =Q49*I49 -> 1.2604232e-07 | S49: =H49-1950 -> 67 | T49: =I49/N49 -> 37.758704 | U49: =N49*S49 -> 8.8721266 | V49: =IF(I49<U49,R49/(1-(1-I49/U49)^3),R49)*10000 -> 0.0013747043 | W49: =I49/O49 -> 22.098563 | X49: =O49*S49 -> 15.159357 | Y49: =IF(I49<X49,R49/(1-(1-I49/X49)^3),R49)*10000 -> 0.0018031623 | Z49: =2021-1950 -> 71 | AA49: {=_xlfn.IFS(I49<=X49,R49*(3/(S49^3 - (S49-W49)^3)),I49>X49,R49*(3/S49^3))} -> 1.7985879e-12 | AB49: =(AA49/3)*(Z49^3)*10000 -> 0.0021457813 | AC49: =Y49-AB49 -> -0.000342619 | AD49: =AB49*100/Y49 -> 119.00101
A50: Wanb19_A_11 | B50: 37.04056 | C50: 122.48 | D50: Fibers | E50: 0.84 | F50: -1.74 | G50: 68.4 | H50: 2017 | I50: 5 | J50: 102 | M50: 0.61037441 | N50: 0.1324198 | O50: 0.49715752 | P50: 1000 | Q50: =G50*M50*0.000000001 -> 4.174961e-08 | R50: =Q50*I50 -> 2.0874805e-07 | S50: =H50-1950 -> 67 | T50: =I50/N50 -> 37.758704 | U50: =N50*S50 -> 8.8721266 | V50: =IF(I50<U50,R50/(1-(1-I50/U50)^3),R50)*10000 -> 0.0022767501 | W50: =I50/O50 -> 10.057175 | X50: =O50*S50 -> 33.309554 | Y50: =IF(I50<X50,R50/(1-(1-I50/X50)^3),R50)*10000 -> 0.0054064808 | Z50: =2021-1950 -> 71 | AA50: {=_xlfn.IFS(I50<=X50,R50*(3/(S50^3 - (S50-W50)^3)),I50>X50,R50*(3/S50^3))} -> 5.3927652e-12 | AB50: =(AA50/3)*(Z50^3)*10000 -> 0.0064337666 | AC50: =Y50-AB50 -> -0.0010272858 | AD50: =AB50*100/Y50 -> 119.00101
A51: Wanb19_A_12 | B51: 37.04056 | C51: 122.50722 | D51: Fibers | E51: 0.94 | F51: -1.51 | G51: 87.5 | H51: 2017 | I51: 5 | J51: 102 | M51: 0.61037441 | N51: 0.1324198 | O51: 0.53254045 | P51: 2000 | Q51: =G51*M51*0.000000001 -> 5.3407761e-08 | R51: =Q51*I51 -> 2.670388e-07 | S51: =H51-1950 -> 67 | T51: =I51/N51 -> 37.758704 | U51: =N51*S51 -> 8.8721266 | V51: =IF(I51<U51,R51/(1-(1-I51/U51)^3),R51)*10000 -> 0.0029125092 | W51: =I51/O51 -> 9.3889581 | X51: =O51*S51 -> 35.68021 | Y51: =IF(I51<X51,R51/(1-(1-I51/X51)^3),R51)*10000 -> 0.0073313846 | Z51: =2021-1950 -> 71 | AA51: {=_xlfn.IFS(I51<=X51,R51*(3/(S51^3 - (S51-W51)^3)),I51>X51,R51*(3/S51^3))} -> 7.3127858e-12 | AB51: =(AA51/3)*(Z51^3)*10000 -> 0.0087244215 | AC51: =Y51-AB51 -> -0.0013930369 | AD51: =AB51*100/Y51 -> 119.00101
... A63: Wanb19_A_24 | B63: 37.04056 | C63: 122.50722 | D63: Fibers | E63: 0.94 | F63: -1.77 | G63: 181 | H63: 2017 | I63: 5 | J63: 102 | M63: 0.61037441 | N63: 0.1324198 | O63: 0.53254045 | P63: 2000 | Q63: =G63*M63*0.000000001 -> 1.1047777e-07 | R63: =Q63*I63 -> 5.5238884e-07 | S63: =H63-1950 -> 67 | T63: =I63/N63 -> 37.758704 | U63: =N63*S63 -> 8.8721266 | V63: =IF(I63<U63,R63/(1-(1-I63/U63)^3),R63)*10000 -> 0.0060247333 | W63: =I63/O63 -> 9.3889581 | X63: =O63*S63 -> 35.68021 | Y63: =IF(I63<X63,R63/(1-(1-I63/X63)^3),R63)*10000 -> 0.015165493 | Z63: =2021-1950 -> 71 | AA63: {=_xlfn.IFS(I63<=X63,R63*(3/(S63^3 - (S63-W63)^3)),I63>X63,R63*(3/S63^3))} -> 1.512702e-11 | AB63: =(AA63/3)*(Z63^3)*10000 -> 0.018047089 | AC63: =Y63-AB63 -> -0.0028815964 | AD63: =AB63*100/Y63 -> 119.00101
A64: Bik23_A_1 | B64: 54.994789 | C64: -0.158077 | D64: Fragments | E64: 73% fragments | F64: -1.36 | G64: 3530000 | H64: 2017 | I64: 3.1053516 | J64: Nela | K64: 62000 | M64: 1.7887897 | O64: 0.075668948 | P64: 62000 | Q64: =G64*M64*0.000000001 -> 0.0063144275 | R64: =Q64*I64 -> 0.019608518 | S64: =H64-1950 -> 67 | W64: =I64/O64 -> 41.038652 | X64: =O64*S64 -> 5.0698195 | Y64: =IF(I64<X64,R64/(1-(1-I64/X64)^3),R64)*10000 -> 208.19766 | Z64: =2021-1950 -> 71 | AA64: {=_xlfn.IFS(I64<=X64,R64*(3/(S64^3 - (S64-W64)^3)),I64>X64,R64*(3/S64^3))} -> 2.0766949e-07 | AB64: =(AA64/3)*(Z64^3)*10000 -> 247.75731 | AC64: =Y64-AB64 -> -39.559652 | AD64: =AB64*100/Y64 -> 119.00101
A65: Bik23_A_2 | B65: 54.889626 | C65: 1.641046 | D65: Fragments | E65: 73% fragments | F65: -1.36 | G65: 469000 | H65: 2017 | I65: 3.2148511 | J65: Nela | K65: 140000 | M65: 1.7887897 | O65: 0.089356391 | P65: 140000 | Q65: =G65*M65*0.000000001 -> 0.00083894236 | R65: =Q65*I65 -> 0.0026970748 | S65: =H65-1950 -> 67 | W65: =I65/O65 -> 35.977853 | X65: =O65*S65 -> 5.9868782 | Y65: =IF(I65<X65,R65/(1-(1-I65/X65)^3),R65)*10000 -> 29.943006 | Z65: =2021-1950 -> 71 | AA65: {=_xlfn.IFS(I65<=X65,R65*(3/(S65^3 - (S65-W65)^3)),I65>X65,R65*(3/S65^3))} -> 2.9867044e-08 | AB65: =(AA65/3)*(Z65^3)*10000 -> 35.632479 | AC65: =Y65-AB65 -> -5.6894728 | AD65: =AB65*100/Y65 -> 119.00101
A66: Bik23_A_3 | B66: 54.816218 | C66: -0.449483 | D66: Fragments | E66: 73% fragments | F66: -1.36 | G66: 848000 | H66: 2017 | I66: 3.011495 | J66: Nela | K66: 36000 | M66: 1.7887897 | O66: 0.06393688 | P66: 36000 | Q66: =G66*M66*0.000000001 -> 0.0015168936 | R66: =Q66*I66 -> 0.0045681177 | S66: =H66-1950 -> 67 | W66: =I66/O66 -> 47.101063 | X66: =O66*S66 -> 4.283771 | Y66: =IF(I66<X66,R66/(1-(1-I66/X66)^3),R66)*10000 -> 46.91012 | Z66: =2021-1950 -> 71 | AA66: {=_xlfn.IFS(I66<=X66,R66*(3/(S66^3 - (S66-W66)^3)),I66>X66,R66*(3/S66^3))} -> 4.6791114e-08 | AB66: =(AA66/3)*(Z66^3)*10000 -> 55.823515 | AC66: =Y66-AB66 -> -8.9133954 | AD66: =AB66*100/Y66 -> 119.00101
A67: Bik23_A_4 | B67: 53.95889 | C67: 2.028877 | D67: Fragments | E67: 73% fragments | F67: -1.36 | G67: 2940000 | H67: 2017 | I67: 3.315993 | J67: Nela | K67: 124000 | M67: 1.7887897 | O67: 0.10199912 | P67: 124000 | Q67: =G67*M67*0.000000001 -> 0.0052590416 | R67: =Q67*I67 -> 0.017438945 | S67: =H67-1950 -> 67 | W67: =I67/O67 -> 32.510016 | X67: =O67*S67 -> 6.833941 | Y67: =IF(I67<X67,R67/(1-(1-I67/X67)^3),R67)*10000 -> 201.93608 | Z67: =2021-1950 -> 71 | AA67: {=_xlfn.IFS(I67<=X67,R67*(3/(S67^3 - (S67-W67)^3)),I67>X67,R67*(3/S67^3))} -> 2.0142379e-07 | AB67: =(AA67/3)*(Z67^3)*10000 -> 240.30597 | AC67: =Y67-AB67 -> -38.36989 | AD67: =AB67*100/Y67 -> 119.00101
A68: Bik23_A_5 | B68: 53.399978 | C68: 0.660075 | D68: Fragments | E68: 73% fragments | F68: -1.36 | G68: 1790000 | H68: 2017 | I68: 3.1471257 | J68: Nela | K68: 26000 | M68: 1.0929453 | O68: 0.080890713 | P68: 26000 | Q68: =G68*M68*0.000000001 -> 0.0019563721 | R68: =Q68*I68 -> 0.006156949 | S68: =H68-1950 -> 67 | W68: =I68/O68 -> 38.905896 | X68: =O68*S68 -> 5.4196778 | Y68: =IF(I68<X68,R68/(1-(1-I68/X68)^3),R68)*10000 -> 66.470068 | Z68: =2021-1950 -> 71 | AA68: {=_xlfn.IFS(I68<=X68,R68*(3/(S68^3 - (S68-W68)^3)),I68>X68,R68*(3/S68^3))} -> 6.6301441e-08 | AB68: =(AA68/3)*(Z68^3)*10000 -> 79.10005 | AC68: =Y68-AB68 -> -12.629983 | AD68: =AB68*100/Y68 -> 119.00101
A69: Bik23_A_6 | B69: 52.955331 | C69: 0.320439 | D69: Fragments | E69: 73% fragments | F69: -1.36 | G69: 875000 | H69: 2017 | I69: 3.241062 | J69: Nela | K69: 10000 | M69: 1.0929453 | O69: 0.092632753 | P69: 10000 | Q69: =G69*M69*0.000000001 -> 0.00095632716 | R69: =Q69*I69 -> 0.0030995156 | S69: =H69-1950 -> 67 | W69: =I69/O69 -> 34.988294 | X69: =O69*S69 -> 6.2063944 | Y69: =IF(I69<X69,R69/(1-(1-I69/X69)^3),R69)*10000 -> 34.789633 | Z69: =2021-1950 -> 71 | AA69: {=_xlfn.IFS(I69<=X69,R69*(3/(S69^3 - (S69-W69)^3)),I69>X69,R69*(3/S69^3))} -> 3.4701376e-08 | AB69: =(AA69/3)*(Z69^3)*10000 -> 41.400014 | AC69: =Y69-AB69 -> -6.6103808 | AD69: =AB69*100/Y69 -> 119.00101
A70: Bik23_A_7 | B70: 51.491733 | C70: 0.992965 | D70: Fragments | E70: 73% fragments | F70: -1.36 | G70: 771000 | H70: 2017 | I70: 3.2416237 | J70: Nela | K70: 10000 | M70: 1.0929453 | O70: 0.092702957 | P70: 10000 | Q70: =G70*M70*0.000000001 -> 0.00084266085 | R70: =Q70*I70 -> 0.0027315893 | S70: =H70-1950 -> 67 | W70: =I70/O70 -> 34.967856 | X70: =O70*S70 -> 6.2110981 | Y70: =IF(I70<X70,R70/(1-(1-I70/X70)^3),R70)*10000 -> 30.667144 | Z70: =2021-1950 -> 71 | AA70: {=_xlfn.IFS(I70<=X70,R70*(3/(S70^3 - (S70-W70)^3)),I70>X70,R70*(3/S70^3))} -> 3.0589345e-08 | AB70: =(AA70/3)*(Z70^3)*10000 -> 36.494211 | AC70: =Y70-AB70 -> -5.8270664 | AD70: =AB70*100/Y70 -> 119.00101
A71: Bik23_A_8 | B71: 51.892576 | C71: 2.228241 | D71: Fragments | E71: 73% fragments | F71: -1.36 | G71: 974000 | H71: 2017 | I71: 3.1896294 | J71: Nela | K71: 50000 | M71: 1.0929453 | O71: 0.086203674 | P71: 50000 | Q71: =G71*M71*0.000000001 -> 0.0010645288 | R71: =Q71*I71 -> 0.0033954522 | S71: =H71-1950 -> 67 | W71: =I71/O71 -> 37.001084 | X71: =O71*S71 -> 5.7756461 | Y71: =IF(I71<X71,R71/(1-(1-I71/X71)^3),R71)*10000 -> 37.302903 | Z71: =2021-1950 -> 71 | AA71: {=_xlfn.IFS(I71<=X71,R71*(3/(S71^3 - (S71-W71)^3)),I71>X71,R71*(3/S71^3))} -> 3.720827e-08 | AB71: =(AA71/3)*(Z71^3)*10000 -> 44.390831 | AC71: =Y71-AB71 -> -7.0879274 | AD71: =AB71*100/Y71 -> 119.00101
A72: Bik23_A_9 | B72: 51.009577 | C72: 1.07286 | D72: Fragments | E72: 73% fragments | F72: -1.36 | G72: 1270000 | H72: 2017 | I72: 2.9642734 | J72: Nela | K72: 5000 | M72: 1.0929453 | O72: 0.077378895 | P72: 5000 | Q72: =G72*M72*0.000000001 -> 0.0013880406 | R72: =Q72*I72 -> 0.0041145317 | S72: =H72-1950 -> 67 | W72: =I72/O72 -> 38.308551 | X72: =O72*S72 -> 5.184386 | Y72: =IF(I72<X72,R72/(1-(1-I72/X72)^3),R72)*10000 -> 44.651802 | Z72: =2021-1950 -> 71 | AA72: {=_xlfn.IFS(I72<=X72,R72*(3/(S72^3 - (S72-W72)^3)),I72>X72,R72*(3/S72^3))} -> 4.4538526e-08 | AB72: =(AA72/3)*(Z72^3)*10000 -> 53.136094 | AC72: =Y72-AB72 -> -8.4842922 | AD72: =AB72*100/Y72 -> 119.00101
A73: Bik23_A_10 | B73: 50.432444 | C73: -3.171627 | D73: Fragments | E73: 73% fragments | F73: -1.36 | G73: 1310000 | H73: 2017 | I73: 2.9282841 | J73: Nela | K73: 23000 | M73: 0.93194745 | O73: 0.071380685 | P73: 23000 | Q73: =G73*M73*0.000000001 -> 0.0012208512 | R73: =Q73*I73 -> 0.0035749991 | S73: =H73-1950 -> 67 | W73: =I73/O73 -> 41.02348 | X73: =O73*S73 -> 4.7825059 | Y73: =IF(I73<X73,R73/(1-(1-I73/X73)^3),R73)*10000 -> 37.962436 | Z73: =2021-1950 -> 71 | AA73: {=_xlfn.IFS(I73<=X73,R73*(3/(S73^3 - (S73-W73)^3)),I73>X73,R73*(3/S73^3))} -> 3.786613e-08 | AB73: =(AA73/3)*(Z73^3)*10000 -> 45.175681 | AC73: =Y73-AB73 -> -7.2132453 | AD73: =AB73*100/Y73 -> 119.00101
A74: Bik23_A_12 | B74: 51.20546 | C74: -6.116472 | D74: Fragments | E74: 73% fragments | F74: -1.36 | G74: 492000 | H74: 2017 | I74: 3.0484924 | J74: Nela | K74: 79000 | M74: 0.93194745 | O74: 0.091415407 | P74: 79000 | Q74: =G74*M74*0.000000001 -> 0.00045851815 | R74: =Q74*I74 -> 0.0013977891 | S74: =H74-1950 -> 67 | W74: =I74/O74 -> 33.347688 | X74: =O74*S74 -> 6.1248323 | Y74: =IF(I74<X74,R74/(1-(1-I74/X74)^3),R74)*10000 -> 16.006063 | Z74: =2021-1950 -> 71 | AA74: {=_xlfn.IFS(I74<=X74,R74*(3/(S74^3 - (S74-W74)^3)),I74>X74,R74*(3/S74^3))} -> 1.5965458e-08 | AB74: =(AA74/3)*(Z74^3)*10000 -> 19.047377 | AC74: =Y74-AB74 -> -3.0413133 | AD74: =AB74*100/Y74 -> 119.00101
A75: Bik23_A_13 | B75: 52.330062 | C75: -4.203757 | D75: Fragments | E75: 73% fragments | F75: -1.36 | G75: 2190000 | H75: 2017 | I75: 2.9506765 | J75: Nela | K75: 3000 | M75: 0.93194745 | O75: 0.075112758 | P75: 3000 | Q75: =G75*M75*0.000000001 -> 0.0020409649 | R75: =Q75*I75 -> 0.0060222273 | S75: =H75-1950 -> 67 | W75: =I75/O75 -> 39.283294 | X75: =O75*S75 -> 5.0325548 | Y75: =IF(I75<X75,R75/(1-(1-I75/X75)^3),R75)*10000 -> 64.81051 | Z75: =2021-1950 -> 71 | AA75: {=_xlfn.IFS(I75<=X75,R75*(3/(S75^3 - (S75-W75)^3)),I75>X75,R75*(3/S75^3))} -> 6.4646094e-08 | AB75: =(AA75/3)*(Z75^3)*10000 -> 77.12516 | AC75: =Y75-AB75 -> -12.31465 | AD75: =AB75*100/Y75 -> 119.00101
... A77: Bik23_A_15 | B77: 53.998681 | C77: -3.823377 | D77: Fragments | E77: 73% fragments | F77: -1.36 | G77: 771000 | H77: 2017 | I77: 3.0962472 | J77: Nela | K77: 38000 | M77: 0.93194745 | O77: 0.099374536 | P77: 38000 | Q77: =G77*M77*0.000000001 -> 0.00071853148 | R77: =Q77*I77 -> 0.0022247511 | S77: =H77-1950 -> 67 | W77: =I77/O77 -> 31.15735 | X77: =O77*S77 -> 6.6580939 | Y77: =IF(I77<X77,R77/(1-(1-I77/X77)^3),R77)*10000 -> 26.269356 | Z77: =2021-1950 -> 71 | AA77: {=_xlfn.IFS(I77<=X77,R77*(3/(S77^3 - (S77-W77)^3)),I77>X77,R77*(3/S77^3))} -> 2.6202714e-08 | AB77: =(AA77/3)*(Z77^3)*10000 -> 31.260799 | AC77: =Y77-AB77 -> -4.9914423 | AD77: =AB77*100/Y77 -> 119.00101
A78: Kim23_A_1 | B78: 72.359964 | C78: -168.66667 | D78: Fragments | E78: 1 | F78: -1.84 | G78: 63400 | H78: 2017 | I78: 2 | J78: Nela | K78: 264000 | L78: 51 | M78: 0.492 | O78: 0.17540293 | P78: 264000 | Q78: =G78*M78*0.000000001 -> 3.11928e-05 | R78: =Q78*I78 -> 6.23856e-05 | S78: =H78-1950 -> 67 | W78: =I78/O78 -> 11.402318 | X78: =O78*S78 -> 11.751997 | Y78: =IF(I78<X78,R78/(1-(1-I78/X78)^3),R78)*10000 -> 1.4555912 | Z78: =2021-1950 -> 71 | AA78: {=_xlfn.IFS(I78<=X78,R78*(3/(S78^3 - (S78-W78)^3)),I78>X78,R78*(3/S78^3))} -> 1.4518985e-09 | AB78: =(AA78/3)*(Z78^3)*10000 -> 1.7321681 | AC78: =Y78-AB78 -> -0.27657698 | AD78: =AB78*100/Y78 -> 119.00101
A79: Kim23_A_2 | B79: 73.579973 | C79: -168.28168 | D79: Fragments | E79: 1 | F79: -1.84 | G79: 42500 | H79: 2017 | I79: 2 | J79: Nela | K79: 346000 | L79: 126 | M79: 0.309 | O79: 0.037825737 | P79: 346000 | Q79: =G79*M79*0.000000001 -> 1.31325e-05 | R79: =Q79*I79 -> 2.6265e-05 | S79: =H79-1950 -> 67 | W79: =I79/O79 -> 52.874052 | X79: =O79*S79 -> 2.5343244 | Y79: =IF(I79<X79,R79/(1-(1-I79/X79)^3),R79)*10000 -> 0.26513482 | Z79: =2021-1950 -> 71 | AA79: {=_xlfn.IFS(I79<=X79,R79*(3/(S79^3 - (S79-W79)^3)),I79>X79,R79*(3/S79^3))} -> 2.6446221e-10 | AB79: =(AA79/3)*(Z79^3)*10000 -> 0.31551311 | AC79: =Y79-AB79 -> -0.050378287 | AD79: =AB79*100/Y79 -> 119.00101
A80: Kim23_A_3 | B80: 75.768315 | C80: -177.15833 | D80: Fragments | E80: 0.96 | F80: -1.84 | G80: 56700 | H80: 2017 | I80: 2 | J80: Nela | K80: 468000 | L80: 529 | M80: 0.547 | O80: 0.0061786053 | P80: 468000 | Q80: =G80*M80*0.000000001 -> 3.10149e-05 | R80: =Q80*I80 -> 6.20298e-05 | S80: =H80-1950 -> 67 | W80: =I80/O80 -> 323.69765 | X80: =O80*S80 -> 0.41396656 | Y80: =IF(I80<X80,R80/(1-(1-I80/X80)^3),R80)*10000 -> 0.620298 | Z80: =2021-1950 -> 71 | AA80: {=_xlfn.IFS(I80<=X80,R80*(3/(S80^3 - (S80-W80)^3)),I80>X80,R80*(3/S80^3))} -> 6.1872438e-10 | AB80: =(AA80/3)*(Z80^3)*10000 -> 0.73816087 | AC80: =Y80-AB80 -> -0.11786287 | AD80: =AB80*100/Y80 -> 119.00101
A81: Kim23_A_4 | B81: 74.997571 | C81: -173.59858 | D81: Fragments | E81: 1 | F81: -1.84 | G81: 17800 | H81: 2017 | I81: 2 | J81: Nela | K81: 406000 | L81: 140 | M81: 0.389 | O81: 0.023940356 | P81: 406000 | Q81: =G81*M81*0.000000001 -> 6.9242e-06 | R81: =Q81*I81 -> 1.38484e-05 | S81: =H81-1950 -> 67 | W81: =I81/O81 -> 83.540947 | X81: =O81*S81 -> 1.6040038 | Y81: =IF(I81<X81,R81/(1-(1-I81/X81)^3),R81)*10000 -> 0.138484 | Z81: =2021-1950 -> 71 | AA81: {=_xlfn.IFS(I81<=X81,R81*(3/(S81^3 - (S81-W81)^3)),I81>X81,R81*(3/S81^3))} -> 1.3813268e-10 | AB81: =(AA81/3)*(Z81^3)*10000 -> 0.16479736 | AC81: =Y81-AB81 -> -0.026313355 | AD81: =AB81*100/Y81 -> 119.00101
A82: Kim23_A_5 | B82: 73.99998 | C82: -170 | D82: Fragments | E82: 1 | F82: -1.84 | G82: 18600 | H82: 2017 | I82: 2 | J82: Nela | K82: 345000 | L82: 47 | M82: 0.667 | O82: 0.035009651 | P82: 345000 | Q82: =G82*M82*0.000000001 -> 1.24062e-05 | R82: =Q82*I82 -> 2.48124e-05 | S82: =H82-1950 -> 67 | W82: =I82/O82 -> 57.127104 | X82: =O82*S82 -> 2.3456466 | Y82: =IF(I82<X82,R82/(1-(1-I82/X82)^3),R82)*10000 -> 0.24892047 | Z82: =2021-1950 -> 71 | AA82: {=_xlfn.IFS(I82<=X82,R82*(3/(S82^3 - (S82-W82)^3)),I82>X82,R82*(3/S82^3))} -> 2.4828899e-10 | AB82: =(AA82/3)*(Z82^3)*10000 -> 0.29621787 | AC82: =Y82-AB82 -> -0.047297397 | AD82: =AB82*100/Y82 -> 119.00101
A83: Kim23_A_6 | B83: 75.157961 | C83: -179.99328 | D83: Fragments | E83: 1 | F83: -1.84 | G83: 73400 | H83: 2017 | I83: 2 | J83: Nela | K83: 1000 | L83: 528 | M83: 0.481 | O83: 0.019051071 | P83: 518000 | Q83: =G83*M83*0.000000001 -> 3.53054e-05 | R83: =Q83*I83 -> 7.06108e-05 | S83: =H83-1950 -> 67 | W83: =I83/O83 -> 104.98098 | X83: =O83*S83 -> 1.2764217 | Y83: =IF(I83<X83,R83/(1-(1-I83/X83)^3),R83)*10000 -> 0.706108 | Z83: =2021-1950 -> 71 | AA83: {=_xlfn.IFS(I83<=X83,R83*(3/(S83^3 - (S83-W83)^3)),I83>X83,R83*(3/S83^3))} -> 7.0431669e-10 | AB83: =(AA83/3)*(Z83^3)*10000 -> 0.84027563 | AC83: =Y83-AB83 -> -0.13416763 | AD83: =AB83*100/Y83 -> 119.00101
A84: Che18_A_1 | B84: 29.51 | C84: 121.504 | D84: Fibers | E84: 63% fibers | F84: -2.04 | G84: 702 | H84: 2017 | I84: 5 | J84: 6 | K84: 1738 | M84: 0.61037441 | N84: 0.13341858 | O84: 0.587512 | P84: 1000 | Q84: =G84*M84*0.000000001 -> 4.2848284e-07 | R84: =Q84*I84 -> 2.1424142e-06 | S84: =H84-1950 -> 67 | T84: =I84/N84 -> 37.476038 | U84: =N84*S84 -> 8.9390452 | V84: =IF(I84<U84,R84/(1-(1-I84/U84)^3),R84)*10000 -> 0.023428846 | W84: =I84/O84 -> 8.5104644 | X84: =O84*S84 -> 39.363304 | Y84: =IF(I84<X84,R84/(1-(1-I84/X84)^3),R84)*10000 -> 0.064007813 | Z84: =2021-1950 -> 71 | AA84: {=_xlfn.IFS(I84<=X84,R84*(3/(S84^3 - (S84-W84)^3)),I84>X84,R84*(3/S84^3))} -> 6.3845432e-11 | AB84: =(AA84/3)*(Z84^3)*10000 -> 0.076169942 | AC84: =Y84-AB84 -> -0.012162129 | AD84: =AB84*100/Y84 -> 119.00101

Sheet One study one line 
A1: Name | B1: Lat | C1: Lon | D1: Shape | E1: Info shape | F1: Slope | G1: MP mass observation extrapolated to 1-5000 µm (µg/kg) from MPsizeBase | H1: year of sampling | I1: thickness of the sampled sediment layer (cm) | J1: reference numbrer in Martin dataset | K1: Distance_land (m) Martin dataset | L1: Water_Depth (m) Martin dataset | M1: Dry bulk density of the sediments (g/cm³) Martin dataset | N1: accumulation rate (cm/yr) Martin dataset | O1: Accumulation rate from Restreppo | P1: Distance to land NASA Ocean Biology Processing Group (m) | Q1: mass converted to g/cm³ | R1: mass converted to g/cm² | S1: accumulation time (yr) since 1950 | T1: time represented by the sampled sediment layer (yr) | U1: total thickness of the sediments (cm) since 1950 | V1: MP stock (g/m2) in year of study | W1: time represented by the sampled sediment layer (yr) | X1: total thickness of the sediments (cm) since 1950 | Y1: MP stock (g/m2) in year of study
A2: Alvarez-Ramirez2021 | B2: 31.82 | C2: -116.72 | D2: Fragments | E2: 100% fragments | F2: -3.83 | G2: 495 | H2: 2016 | I2: 5 | J2: 74 | K2: 4912.5226 | L2: 72.416667 | M2: 0.49520066 | N2: 0.13261896 | O2: 0.18873249 | P2: 5000 | Q2: =G2*M2*0.000000001 -> 2.4512433e-07 | R2: =Q2*I2 -> 1.2256216e-06 | S2: =H2-1950 -> 66 | T2: =I2/N2 -> 37.702 | U2: =N2*S2 -> 8.7528512 | V2: =IF(I2<U2,R2/(1-(1-I2/U2)^3),R2)*10000 -> 0.013304907 | W2: =I2/O2 -> 26.492524 | X2: =O2*S2 -> 12.456344 | Y2: =IF(I2<X2,R2/(1-(1-I2/X2)^3),R2)*10000 -> 0.015602868
A3: Huang2020 | B3: 18.415724 | C3: 110.05434 | D3: Fragments | E3: 61% fragments | F3: -1.59 | G3: 2060 | H3: 2018 | I3: 5 | J3: 76 | K3: 257.49504 | L3: 5.5 | M3: 1.6589305 | N3: 0.2027 | O3: 0.25807987 | P3: 1000 | Q3: =G3*M3*0.000000001 -> 3.4173968e-06 | R3: =Q3*I3 -> 1.7086984e-05 | S3: =H3-1950 -> 68 | T3: =I3/N3 -> 24.666996 | U3: =N3*S3 -> 13.7836 | V3: =IF(I3<U3,R3/(1-(1-I3/U3)^3),R3)*10000 -> 0.23052494 | W3: =I3/O3 -> 19.373847 | X3: =O3*S3 -> 17.549431 | Y3: =IF(I3<X3,R3/(1-(1-I3/X3)^3),R3)*10000 -> 0.26936831
A4: Haave2019 | B4: =AVERAGE('MPsizeBase+parameters'!B26:B28) -> 60.437415 | C4: =AVERAGE('MPsizeBase+parameters'!C26:C28) -> 5.2377308 | D4: Fragments | E4: none | F4: =AVERAGE('MPsizeBase+parameters'!F26:F28) -> -2.8633333 | G4: =AVERAGE('MPsizeBase+parameters'!G26:G28) -> 204466.67 | H4: =AVERAGE('MPsizeBase+parameters'!H26:H28) -> 2015 | I4: =AVERAGE('MPsizeBase+parameters'!I26:I28) -> 1 | J4: =AVERAGE('MPsizeBase+parameters'!J26:J28) -> 72 | K4: =AVERAGE('MPsizeBase+parameters'!K26:K28) -> 115872.77 | L4: =AVERAGE('MPsizeBase+parameters'!L26:L28) -> 323.33333 | M4: =AVERAGE('MPsizeBase+parameters'!M26:M28) -> 3.4884441 | ... Y4: =AVERAGE('MPsizeBase+parameters'!Y26:Y28) -> 13.970485
A5: Lorentz2019 | B5: 53.5 | C5: 4.5 | D5: Fragments | E5: none | F5: -3.49 | G5: 9.59 | H5: 2014 | I5: 5 | J5: 87 | K5: 24790.195 | L5: 22.086957 | M5: 1.2247536 | N5: 0.13286297 | O5: 0.18146901 | P5: 39000 | Q5: =G5*M5*0.000000001 -> 1.1745387e-08 | R5: =Q5*I5 -> 5.8726936e-08 | S5: =H5-1950 -> 64 | T5: =I5/N5 -> 37.632758 | U5: =N5*S5 -> 8.50323 | V5: =IF(I5<U5,R5/(1-(1-I5/U5)^3),R5)*10000 -> 0.00063142389 | W5: =I5/O5 -> 27.552914 | X5: =O5*S5 -> 11.614017 | Y5: =IF(I5<X5,R5/(1-(1-I5/X5)^3),R5)*10000 -> 0.00072030386
A6: Jahan2019 | B6: -32.62011 | C6: 152.40008 | D6: Fragments | E6: 80% fragments | F6: -2.04 | G6: 64300 | H6: 2017 | I6: 5 | J6: 100 | K6: 0 | L6: 0 | M6: 1.0774797 | N6: 0.13341858 | O6: 0.015403806 | P6: 7000 | Q6: =G6*M6*0.000000001 -> 6.9281943e-05 | R6: =Q6*I6 -> 0.00034640971 | S6: =H6-1950 -> 67 | T6: =I6/N6 -> 37.476038 | U6: =N6*S6 -> 8.9390452 | V6: =IF(I6<U6,R6/(1-(1-I6/U6)^3),R6)*10000 -> 3.7882404 | W6: =I6/O6 -> 324.59511 | X6: =O6*S6 -> 1.032055 | Y6: =IF(I6<X6,R6/(1-(1-I6/X6)^3),R6)*10000 -> 3.4640971
A7: Ling2019 | B7: =AVERAGE('MPsizeBase+parameters'!B32,'MPsizeBase+parameters'!B34,'MPsizeBase+parameters'!B36,'MPsizeBase+parameters'!B38) -> -37.7575 | C7: =AVERAGE('MPsizeBase+parameters'!C32,'MPsizeBase+parameters'!C34,'MPsizeBase+parameters'!C36,'MPsizeBase+parameters'!C38) -> 145.4025 | D7: Fragments | E7: 100% fragments | F7: =AVERAGE('MPsizeBase+parameters'!F32,'MPsizeBase+parameters'!F34,'MPsizeBase+parameters'!F36,'MPsizeBase+parameters'!F38) -> -1.87 | G7: =AVERAGE('MPsizeBase+parameters'!G32,'MPsizeBase+parameters'!G34,'MPsizeBase+parameters'!G36,'MPsizeBase+parameters'!G38) -> 102975 | H7: =AVERAGE('MPsizeBase+parameters'!H32,'MPsizeBase+parameters'!H34,'MPsizeBase+parameters'!H36,'MPsizeBase+parameters'!H38) -> 2015 | I7: =AVERAGE('MPsizeBase+parameters'!I32,'MPsizeBase+parameters'!I34,'MPsizeBase+parameters'!I36,'MPsizeBase+parameters'!I38) -> 7 | J7: =AVERAGE('MPsizeBase+parameters'!J32,'MPsizeBase+parameters'!J34,'MPsizeBase+parameters'!J36,'MPsizeBase+parameters'!J38) -> 55 | K7: =AVERAGE('MPsizeBase+parameters'!K32,'MPsizeBase+parameters'!K34,'MPsizeBase+parameters'!K36,'MPsizeBase+parameters'!K38) -> 1193.5148 | L7: =AVERAGE('MPsizeBase+parameters'!L32,'MPsizeBase+parameters'!L34,'MPsizeBase+parameters'!L36,'MPsizeBase+parameters'!L38) -> 6.657955 | M7: =AVERAGE('MPsizeBase+parameters'!M32,'MPsizeBase+parameters'!M34,'MPsizeBase+parameters'!M36,'MPsizeBase+parameters'!M38) -> 1.0138433 | ... Y7: =AVERAGE('MPsizeBase+parameters'!Y32,'MPsizeBase+parameters'!Y34,'MPsizeBase+parameters'!Y36,'MPsizeBase+parameters'!Y38) -> 7.6174716
A8: Bikir2023 | B8: =AVERAGE('MPsizeBase+parameters'!B64:B77) -> 52.919737 | C8: =AVERAGE('MPsizeBase+parameters'!C64:C77) -> -0.90217014 | D8: Fragments | E8: 73% fragments | F8: =AVERAGE('MPsizeBase+parameters'!F64:F77) -> -1.36 | G8: =AVERAGE('MPsizeBase+parameters'!G64:G77) -> 1316500 | H8: =AVERAGE('MPsizeBase+parameters'!H64:H77) -> 2017 | I8: =AVERAGE('MPsizeBase+parameters'!I64:I77) -> 3.1032092 | J8: Nela | K8: =AVERAGE('MPsizeBase+parameters'!K64:K77) -> 44714.286 | M8: =AVERAGE('MPsizeBase+parameters'!M64:M77) -> 1.2342588 | O8: =AVERAGE('MPsizeBase+parameters'!O64:O77) -> 0.08426364 | P8: =AVERAGE('MPsizeBase+parameters'!P64:P77) -> 44714.286 | Q8: =AVERAGE('MPsizeBase+parameters'!Q64:Q77) -> 0.0017688158 | R8: =AVERAGE('MPsizeBase+parameters'!R64:R77) -> 0.0055421798 | S8: =AVERAGE('MPsizeBase+parameters'!S64:S77) -> 67 | W8: =AVERAGE('MPsizeBase+parameters'!W64:W77) -> 37.302454 | X8: =AVERAGE('MPsizeBase+parameters'!X64:X77) -> 5.6456639 | Y8: =AVERAGE('MPsizeBase+parameters'!Y64:Y77) -> 60.863783
A9: Kim2023 | B9: =AVERAGE('MPsizeBase+parameters'!B78:B83) -> 74.310627 | C9: =AVERAGE('MPsizeBase+parameters'!C78:C83) -> -172.94976 | D9: Fragments | E9: =AVERAGE('MPsizeBase+parameters'!E78:E83) -> 0.99333333 | F9: =AVERAGE('MPsizeBase+parameters'!F78:F83) -> -1.84 | G9: =AVERAGE('MPsizeBase+parameters'!G78:G83) -> 45400 | H9: =AVERAGE('MPsizeBase+parameters'!H78:H83) -> 2017 | I9: =AVERAGE('MPsizeBase+parameters'!I78:I83) -> 2 | J9: Nela | K9: =AVERAGE('MPsizeBase+parameters'!K78:K83) -> 305000 | L9: =AVERAGE('MPsizeBase+parameters'!L78:L83) -> 236.83333 | M9: =AVERAGE('MPsizeBase+parameters'!M78:M83) -> 0.48083333 | O9: =AVERAGE('MPsizeBase+parameters'!O78:O83) -> 0.049568059 | P9: =AVERAGE('MPsizeBase+parameters'!P78:P83) -> 391166.67 | Q9: =AVERAGE('MPsizeBase+parameters'!Q78:Q83) -> 2.1662667e-05 | R9: =AVERAGE('MPsizeBase+parameters'!R78:R83) -> 4.3325333e-05 | S9: =AVERAGE('MPsizeBase+parameters'!S78:S83) -> 67 | W9: =AVERAGE('MPsizeBase+parameters'!W78:W83) -> 105.60384 | X9: =AVERAGE('MPsizeBase+parameters'!X78:X83) -> 3.32106 | Y9: =AVERAGE('MPsizeBase+parameters'!Y78:Y83) -> 0.57242274
A10: Wang2019a | B10: =AVERAGE('MPsizeBase+parameters'!B3:B16) -> 34.592857 | C10: =AVERAGE('MPsizeBase+parameters'!C3:C16) -> 122.55714 | D10: Fibers | E10: =AVERAGE('MPsizeBase+parameters'!E3:E16) -> 0.83997143 | F10: =AVERAGE('MPsizeBase+parameters'!F3:F16) -> -1.5464286 | G10: =AVERAGE('MPsizeBase+parameters'!G3:G16) -> 93.128571 | H10: =AVERAGE('MPsizeBase+parameters'!H3:H16) -> 2017 | I10: =AVERAGE('MPsizeBase+parameters'!I3:I16) -> 3 | J10: =AVERAGE('MPsizeBase+parameters'!J3:J16) -> 1 | K10: =AVERAGE('MPsizeBase+parameters'!K3:K16) -> 140.24283 | L10: =AVERAGE('MPsizeBase+parameters'!L3:L16) -> 43.285714 | ... Y10: =AVERAGE('MPsizeBase+parameters'!Y3:Y16) -> 0.0044744069
A11: Mu2019 | B11: 66 | C11: -168 | D11: Fibers | E11: 64% fibers | F11: -1.22 | G11: 1.31 | H11: 2017 | I11: 5 | J11: 2 | K11: 155053.86 | L11: 71.16 | M11: 0.81517199 | N11: 0.12429491 | O11: 0.063551595 | P11: 27000 | Q11: =G11*M11*0.000000001 -> 1.0678753e-09 | R11: =Q11*I11 -> 5.3393765e-09 | S11: =H11-1950 -> 67 | T11: =I11/N11 -> 40.22691 | U11: =N11*S11 -> 8.3277587 | V11: =IF(I11<U11,R11/(1-(1-I11/U11)^3),R11)*10000 -> 5.7032886e-05 | W11: =I11/O11 -> 78.676232 | X11: =O11*S11 -> 4.2579569 | Y11: =IF(I11<X11,R11/(1-(1-I11/X11)^3),R11)*10000 -> 5.3393765e-05
A12: Alvarez-Ramirez2020 | B12: 31.82 | C12: -116.72 | D12: Fibers | E12: 100% fibers | F12: -2.16 | G12: 27.7 | H12: 2016 | I12: 5 | J12: 74 | K12: 4912.5226 | L12: 72.416667 | M12: 0.49520066 | N12: 0.13261896 | O12: 0.18873249 | P12: 5000 | Q12: =G12*M12*0.000000001 -> 1.3717058e-08 | R12: =Q12*I12 -> 6.8585291e-08 | S12: =H12-1950 -> 66 | T12: =I12/N12 -> 37.702 | U12: =N12*S12 -> 8.7528512 | V12: =IF(I12<U12,R12/(1-(1-I12/U12)^3),R12)*10000 -> 0.0007445372 | W12: =I12/O12 -> 26.492524 | X12: =O12*S12 -> 12.456344 | Y12: =IF(I12<X12,R12/(1-(1-I12/X12)^3),R12)*10000 -> 0.00087313016
A13: Zhang2020 | B13: 30.45 | C13: 122.45 | D13: Fibers | E13: 92% fibers | F13: -1.27 | G13: 3.56 | H13: 2018 | I13: 5 | J13: 75 | K13: 50416.724 | L13: 21.65 | M13: 0.61037441 | N13: 0.1310078 | O13: 1.0224486 | P13: 1000 | Q13: =G13*M13*0.000000001 -> 2.1729329e-09 | R13: =Q13*I13 -> 1.0864664e-08 | S13: =H13-1950 -> 68 | T13: =I13/N13 -> 38.165667 | U13: =N13*S13 -> 8.9085302 | V13: =IF(I13<U13,R13/(1-(1-I13/U13)^3),R13)*10000 -> 0.00011866874 | W13: =I13/O13 -> 4.8902215 | X13: =O13*S13 -> 69.526503 | Y13: =IF(I13<X13,R13/(1-(1-I13/X13)^3),R13)*10000 -> 0.00054160386
A14: Huang2020 | B14: =AVERAGE('MPsizeBase+parameters'!B21:B23) -> 18.410284 | C14: =AVERAGE('MPsizeBase+parameters'!C21:C23) -> 110.00823 | D14: Fibers | E14: 65% fibers | F14: =AVERAGE('MPsizeBase+parameters'!F21:F23) -> -1.71 | G14: =AVERAGE('MPsizeBase+parameters'!G21:G23) -> 36.673333 | H14: =AVERAGE('MPsizeBase+parameters'!H21:H23) -> 2018 | I14: =AVERAGE('MPsizeBase+parameters'!I21:I23) -> 5 | J14: =AVERAGE('MPsizeBase+parameters'!J21:J23) -> 76 | K14: =AVERAGE('MPsizeBase+parameters'!K21:K23) -> 182.39232 | L14: =AVERAGE('MPsizeBase+parameters'!L21:L23) -> 4.6333333 | M14: =AVERAGE('MPsizeBase+parameters'!M21:M23) -> 1.4754725 | ... Y14: =AVERAGE('MPsizeBase+parameters'!Y21:Y23) -> 0.0044744167
A15: Alv19_A_1 | B15: -22.84 | C15: -43.16 | D15: Fibers | E15: 81% fibers | F15: -2.67 | G15: 6470 | H15: 2017 | I15: 5 | J15: 84 | K15: 2321.4787 | L15: 0 | M15: 1.3738833 | N15: 0.13341858 | O15: 0.89874914 | P15: 2000 | Q15: =G15*M15*0.000000001 -> 8.8890248e-06 | R15: =Q15*I15 -> 4.4445124e-05 | S15: =H15-1950 -> 67 | T15: =I15/N15 -> 37.476038 | U15: =N15*S15 -> 8.9390452 | V15: =IF(I15<U15,R15/(1-(1-I15/U15)^3),R15)*10000 -> 0.48603953 | W15: =I15/O15 -> 5.5632877 | X15: =O15*S15 -> 60.216192 | Y15: =IF(I15<X15,R15/(1-(1-I15/X15)^3),R15)*10000 -> 1.9409121
A16: Ling2019 | B16: =AVERAGE('MPsizeBase+parameters'!B31,'MPsizeBase+parameters'!B33,'MPsizeBase+parameters'!B35,'MPsizeBase+parameters'!B37) -> -37.7575 | C16: =AVERAGE('MPsizeBase+parameters'!C31,'MPsizeBase+parameters'!C33,'MPsizeBase+parameters'!C35,'MPsizeBase+parameters'!C37) -> 145.4025 | D16: Fibers | E16: 100% fibers | F16: =AVERAGE('MPsizeBase+parameters'!F31,'MPsizeBase+parameters'!F33,'MPsizeBase+parameters'!F35,'MPsizeBase+parameters'!F37) -> -1.635 | G16: =AVERAGE('MPsizeBase+parameters'!G31,'MPsizeBase+parameters'!G33,'MPsizeBase+parameters'!G35,'MPsizeBase+parameters'!G37) -> 103.325 | H16: =AVERAGE('MPsizeBase+parameters'!H31,'MPsizeBase+parameters'!H33,'MPsizeBase+parameters'!H35,'MPsizeBase+parameters'!H37) -> 2015 | I16: =AVERAGE('MPsizeBase+parameters'!I31,'MPsizeBase+parameters'!I33,'MPsizeBase+parameters'!I35,'MPsizeBase+parameters'!I37) -> 7 | J16: =AVERAGE('MPsizeBase+parameters'!J31,'MPsizeBase+parameters'!J33,'MPsizeBase+parameters'!J35,'MPsizeBase+parameters'!J37) -> 55 | K16: =AVERAGE('MPsizeBase+parameters'!K31,'MPsizeBase+parameters'!K33,'MPsizeBase+parameters'!K35,'MPsizeBase+parameters'!K37) -> 1193.5148 | L16: =AVERAGE('MPsizeBase+parameters'!L31,'MPsizeBase+parameters'!L33,'MPsizeBase+parameters'!L35,'MPsizeBase+parameters'!L37) -> 6.657955 | M16: =AVERAGE('MPsizeBase+parameters'!M31,'MPsizeBase+parameters'!M33,'MPsizeBase+parameters'!M35,'MPsizeBase+parameters'!M37) -> 1.0138433 | ... Y16: =AVERAGE('MPsizeBase+parameters'!Y31,'MPsizeBase+parameters'!Y33,'MPsizeBase+parameters'!Y35,'MPsizeBase+parameters'!Y37) -> 0.008018486
A17: Wang2019b | B17: =AVERAGE('MPsizeBase+parameters'!B40:B63) -> 37.083823 | C17: =AVERAGE('MPsizeBase+parameters'!C40:C63) -> 122.55336 | D17: Fibers | E17: =AVERAGE('MPsizeBase+parameters'!E40:E63) -> 0.88416667 | F17: =AVERAGE('MPsizeBase+parameters'!F40:F63) -> -1.65625 | G17: =AVERAGE('MPsizeBase+parameters'!G40:G63) -> 94.8 | H17: =AVERAGE('MPsizeBase+parameters'!H40:H63) -> 2017 | I17: =AVERAGE('MPsizeBase+parameters'!I40:I63) -> 5 | J17: =AVERAGE('MPsizeBase+parameters'!J40:J63) -> 102 | M17: =AVERAGE('MPsizeBase+parameters'!M40:M63) -> 0.61037441 | N17: =AVERAGE('MPsizeBase+parameters'!N40:N63) -> 0.1324198 | O17: =AVERAGE('MPsizeBase+parameters'!O40:O63) -> 0.45743137 | P17: =AVERAGE('MPsizeBase+parameters'!P40:P63) -> 3833.3333 | Q17: =AVERAGE('MPsizeBase+parameters'!Q40:Q63) -> 5.7863494e-08 | R17: =AVERAGE('MPsizeBase+parameters'!R40:R63) -> 2.8931747e-07 | S17: =AVERAGE('MPsizeBase+parameters'!S40:S63) -> 67 | T17: =AVERAGE('MPsizeBase+parameters'!T40:T63) -> 37.758704 | ... Y17: =AVERAGE('MPsizeBase+parameters'!Y40:Y63) -> 0.0071202383
A18: Chen2018 | B18: 29.51 | C18: 121.504 | D18: Fibers | E18: 63% fibers | F18: -2.04 | G18: 702 | H18: 2017 | I18: 5 | J18: 6 | K18: 1738 | M18: 0.61037441 | N18: 0.13341858 | O18: 0.587512 | P18: 1000 | Q18: =G18*M18*0.000000001 -> 4.2848284e-07 | R18: =Q18*I18 -> 2.1424142e-06 | S18: =H18-1950 -> 67 | T18: =I18/N18 -> 37.476038 | U18: =N18*S18 -> 8.9390452 | V18: =IF(I18<U18,R18/(1-(1-I18/U18)^3),R18)*10000 -> 0.023428846 | W18: =I18/O18 -> 8.5104644 | X18: =O18*S18 -> 39.363304 | Y18: =IF(I18<X18,R18/(1-(1-I18/X18)^3),R18)*10000 -> 0.064007813
C21: mean slope fibers : | F21: =AVERAGE(F10:F18) -> -1.7675198 | U21: geomean stock fibers g/m2 : | Y21: =GEOMEAN(Y10:Y18) -> 0.0053491308 | Z21: g/m2
C22: mean slope fragments : | F22: =AVERAGE(F2:F9) -> -2.3604167 | U22: geomean stock fragments g/m2 : | Y22: =GEOMEAN(Y2:Y9) -> 0.66637602 | Z22: g/m2
C23: mean slope fragments confident: | F23: =AVERAGE(F2,F3,F6,F7,F8,F9) -> -2.0883333 | U23: geomean stock confident fragments g/m2 : | Y23: =GEOMEAN(Y2,Y3,Y6,Y7,Y8,Y9) -> 1.2526736 | Z23: g/m2
U25: First estimation
U26: Surface (from Sonke 22) | Y26: 35300000000000 | Z26: m2
U27: Total stock of marine sediments fibers : | Y27: =Y26*Y21*0.000000000001 -> 0.18882432 | Z27: Tg
U28: Total stock of confident marine sediments fragments : | Y28: =Y26*Y22*0.000000000001 -> 23.523073 | Z28: Tg
U29: Total stock of marine sediments fragments : | Y29: =Y26*Y23*0.000000000001 -> 44.21938 | Z29: Tg

Sheet Mean slope extrapolates
A1: Author | B1: link | C1: Lat | D1: Lon | E1: Shape | F1: Info shape | G1: Slope | H1: Smallest | I1: Concentration reported MP/kgdw | J1: Intercept | K1: Intercept new | L1: Mass extrapolated µg/kg | M1: year of sampling | N1: thickness of the sampled sediment layer (cm) | O1: reference numbrer in Martin dataset | P1: Distance_land (m) Martin dataset | Q1: Water_Depth (m) Martin dataset | R1: Dry bulk density of the sediments (g/cm³) Martin dataset | S1: accumulation rate (cm/yr) Martin dataset | T1: Accumulation rate from Restreppo | U1: Distance to land NASA Ocean Biology Processing Group (m) | V1: mass converted to g/cm³ | W1: mass converted to g/cm² | X1: accumulation time (yr) since 1950 | Y1: time represented by the sampled sediment layer (yr) | Z1: total thickness of the sediments (cm) since 1950 | AA1: MP stock (g/m2) in year of study | AB1: time represented by the sampled sediment layer (yr) | AC1: total thickness of the sediments (cm) since 1950 | AD1: MP stock (g/m2) in year of study | AE1: accumulation time (yr) since 1950 | AF1: parameter a | AG1: MP stock (g/m2) in 2021 | AH1: Difference | AI1: % Difference
A2: Detailed studies in MPsizeBase
A3: Wang et al., | B3: High levels of microplastic pollution in the sediments and benthic organisms of the South Yellow Sea, China - ScienceDirect | C3: 35.3 | D3: 122.19 | E3: Fibers | F3: 0.83997143 | G3: -1.5464286 | H3: 50 | I3: 2650 | J3: =LOG(I3, 10) - (G3) * LOG(H3,10)^(G3+1) -> 4.5808227 | K3: =-1*10^J3*(G3+1) -> 20814.025 | L3: =IF(E3="Fragments",0.000000097*K3*(5000^(4+G3)-1)/(4+G3),0.000106*K3*(5000^(2+G3)-1)/(2+G3)) -> 226.74898 | M3: 2017 | N3: 20 | O3: 1 | P3: 144.84096 | Q3: 39 | R3: 0.61037441 | S3: 0.29850746 | T3: 0.29850746 | U3: 136000 | V3: =L3*R3*0.000000001 -> 1.3840177e-07 | W3: =V3*N3 -> 2.7680354e-06 | X3: =M3-1950 -> 67 | Y3: =N3/S3 -> 67 | Z3: =S3*X3 -> 20 | AA3: =IF(N3<Z3,W3/(1-(1-N3/Z3)^3),W3)*10000 -> 0.027680354 | AB3: =N3/T3 -> 67 | AC3: =T3*X3 -> 20 | AD3: =IF(N3<AC3,W3/(1-(1-N3/AC3)^3),W3)*10000 -> 0.027680354 | AE3: =2021-1950 -> 71 | AF3: {=_xlfn.IFS(N3<=AC3,W3*(3/(X3^3 - (X3-AB3)^3)),N3>AC3,W3*(3/X3^3))} -> 2.7610133e-11 | AG3: =(AF3/3)*(AE3^3)*10000 -> 0.032939901 | AH3: =AD3-AG3 -> -0.0052595462 | AI3: =AG3*100/AD3 -> 119.00101
A4: HS3 | B4: High levels of microplastic pollution in the sediments and benthic organisms of the South Yellow Sea, China - ScienceDirect | C4: 35 | D4: 121.19 | E4: Fibers | F4: 0.83997143 | G4: -1.5464286 | H4: 50 | I4: 2891.2278 | J4: =LOG(I4, 10) - (G4) * LOG(H4,10)^(G4+1) -> 4.6186591 | K4: =-1*10^J4*(G4+1) -> 22708.713 | L4: =IF(E4="Fragments",0.000000097*K4*(5000^(4+G4)-1)/(4+G4),0.000106*K4*(5000^(2+G4)-1)/(2+G4)) -> 247.38979 | M4: 2017 | N4: 20 | O4: 1 | P4: 112.65408 | Q4: 66 | R4: 0.61037441 | S4: 0.29850746 | T4: 0.29850746 | U4: 103000 | V4: =L4*R4*0.000000001 -> 1.510004e-07 | W4: =V4*N4 -> 3.0200079e-06 | X4: =M4-1950 -> 67 | Y4: =N4/S4 -> 67 | Z4: =S4*X4 -> 20 | AA4: =IF(N4<Z4,W4/(1-(1-N4/Z4)^3),W4)*10000 -> 0.030200079 | AB4: =N4/T4 -> 67 | AC4: =T4*X4 -> 20 | AD4: =IF(N4<AC4,W4/(1-(1-N4/AC4)^3),W4)*10000 -> 0.030200079 | AE4: =2021-1950 -> 71 | AF4: {=_xlfn.IFS(N4<=AC4,W4*(3/(X4^3 - (X4-AB4)^3)),N4>AC4,W4*(3/X4^3))} -> 3.0123465e-11 | AG4: =(AF4/3)*(AE4^3)*10000 -> 0.035938399 | AH4: =AD4-AG4 -> -0.0057383193 | AI4: =AG4*100/AD4 -> 119.00101
A5: HS1 | B5: High levels of microplastic pollution in the sediments and benthic organisms of the South Yellow Sea, China - ScienceDirect | C5: 36 | D5: 124 | E5: Fibers | F5: 0.83997143 | G5: -1.5464286 | H5: 50 | I5: 4384.5048 | J5: =LOG(I5, 10) - (G5) * LOG(H5,10)^(G5+1) -> 4.7994974 | K5: =-1*10^J5*(G5+1) -> 34437.432 | L5: =IF(E5="Fragments",0.000000097*K5*(5000^(4+G5)-1)/(4+G5),0.000106*K5*(5000^(2+G5)-1)/(2+G5)) -> 375.16301 | M5: 2017 | N5: 20 | O5: 1 | P5: 160.9344 | Q5: 75 | R5: 0.61037441 | S5: 0.29850746 | T5: 0.29850746 | U5: 157000 | V5: =L5*R5*0.000000001 -> 2.289899e-07 | W5: =V5*N5 -> 4.579798e-06 | X5: =M5-1950 -> 67 | Y5: =N5/S5 -> 67 | Z5: =S5*X5 -> 20 | AA5: =IF(N5<Z5,W5/(1-(1-N5/Z5)^3),W5)*10000 -> 0.04579798 | AB5: =N5/T5 -> 67 | AC5: =T5*X5 -> 20 | AD5: =IF(N5<AC5,W5/(1-(1-N5/AC5)^3),W5)*10000 -> 0.04579798 | AE5: =2021-1950 -> 71 | AF5: {=_xlfn.IFS(N5<=AC5,W5*(3/(X5^3 - (X5-AB5)^3)),N5>AC5,W5*(3/X5^3))} -> 4.5681796e-11 | AG5: =(AF5/3)*(AE5^3)*10000 -> 0.054500057 | AH5: =AD5-AG5 -> -0.0087020776 | AI5: =AG5*100/AD5 -> 119.00101
A6: Zhang et al., | B6: Microplastic pollution in water, sediment, and fish from artificial reefs around the Ma’an Archipelago, Shengsi, China - ScienceDirect | C6: 30.803 | D6: 122.655 | E6: Fibers | F6: 92% fibers | G6: -1.27 | H6: 50 | I6: 69 | J6: =LOG(I6, 10) - (G6) * LOG(H6,10)^(G6+1) -> 2.9395101 | K6: =-1*10^J6*(G6+1) -> 234.89505 | L6: =IF(E6="Fragments",0.000000097*K6*(5000^(4+G6)-1)/(4+G6),0.000106*K6*(5000^(2+G6)-1)/(2+G6)) -> 17.070179 | M6: 2018 | N6: 5 | O6: 75 | P6: 60269.933 | Q6: 18.2 | R6: 0.61037441 | S6: 0.1310078 | T6: 0.65010635 | U6: 3000 | V6: =L6*R6*0.000000001 -> 1.04192e-08 | W6: =V6*N6 -> 5.2096001e-08 | X6: =M6-1950 -> 68 | Y6: =N6/S6 -> 38.165667 | Z6: =S6*X6 -> 8.9085302 | AA6: =IF(N6<Z6,W6/(1-(1-N6/Z6)^3),W6)*10000 -> 0.0005690159 | AB6: =N6/T6 -> 7.6910493 | AC6: =T6*X6 -> 44.207232 | AD6: =IF(N6<AC6,W6/(1-(1-N6/AC6)^3),W6)*10000 -> 0.0017228621 | AE6: =2021-1950 -> 71 | AF6: {=_xlfn.IFS(N6<=AC6,W6*(3/(X6^3 - (X6-AB6)^3)),N6>AC6,W6*(3/X6^3))} -> 1.6437851e-12 | AG6: =(AF6/3)*(AE6^3)*10000 -> 0.0019610959 | AH6: =AD6-AG6 -> -0.00023823378 | AI6: =AG6*100/AD6 -> 113.82779
A7: Zhang et al., | B7: Microplastic pollution in water, sediment, and fish from artificial reefs around the Ma’an Archipelago, Shengsi, China - ScienceDirect | C7: 30.732 | D7: 122.818 | E7: Fibers | F7: 92% fibers | G7: -1.27 | H7: 50 | I7: 64.4 | J7: =LOG(I7, 10) - (G7) * LOG(H7,10)^(G7+1) -> 2.9095469 | K7: =-1*10^J7*(G7+1) -> 219.23538 | L7: =IF(E7="Fragments",0.000000097*K7*(5000^(4+G7)-1)/(4+G7),0.000106*K7*(5000^(2+G7)-1)/(2+G7)) -> 15.932167 | M7: 2018 | N7: 5 | O7: 75 | P7: 77248.512 | Q7: 22.5 | R7: 0.61037441 | S7: 0.13044461 | T7: 0.68162843 | U7: land | V7: =L7*R7*0.000000001 -> 9.7245868e-09 | W7: =V7*N7 -> 4.8622934e-08 | X7: =M7-1950 -> 68 | Y7: =N7/S7 -> 38.330446 | Z7: =S7*X7 -> 8.8702333 | AA7: =IF(N7<Z7,W7/(1-(1-N7/Z7)^3),W7)*10000 -> 0.00053027548 | AB7: =N7/T7 -> 7.3353748 | AC7: =T7*X7 -> 46.350733 | AD7: =IF(N7<AC7,W7/(1-(1-N7/AC7)^3),W7)*10000 -> 0.0016768559 | AE7: =2021-1950 -> 71 | AF7: {=_xlfn.IFS(N7<=AC7,W7*(3/(X7^3 - (X7-AB7)^3)),N7>AC7,W7*(3/X7^3))} -> 1.5998905e-12 | AG7: =(AF7/3)*(AE7^3)*10000 -> 0.001908728 | AH7: =AD7-AG7 -> -0.00023187212 | AI7: =AG7*100/AD7 -> 113.82779
A8: Zhang et al., | B8: Microplastic pollution in water, sediment, and fish from artificial reefs around the Ma’an Archipelago, Shengsi, China - ScienceDirect | C8: 30.697 | D8: 122.796 | E8: Fibers | F8: 92% fibers | G8: -1.27 | H8: 50 | I8: 55.2 | J8: =LOG(I8, 10) - (G8) * LOG(H8,10)^(G8+1) -> 2.8426001 | K8: =-1*10^J8*(G8+1) -> 187.91604 | L8: =IF(E8="Fragments",0.000000097*K8*(5000^(4+G8)-1)/(4+G8),0.000106*K8*(5000^(2+G8)-1)/(2+G8)) -> 13.656143 | M8: 2018 | N8: 5 | O8: 75 | P8: 76347.279 | Q8: 23.8 | R8: 0.61037441 | S8: 0.13027482 | T8: 0.68162843 | U8: 1000 | V8: =L8*R8*0.000000001 -> 8.3353601e-09 | W8: =V8*N8 -> 4.1676801e-08 | X8: =M8-1950 -> 68 | Y8: =N8/S8 -> 38.380403 | Z8: =S8*X8 -> 8.8586876 | AA8: =IF(N8<Z8,W8/(1-(1-N8/Z8)^3),W8)*10000 -> 0.0004543143 | AB8: =N8/T8 -> 7.3353748 | AC8: =T8*X8 -> 46.350733 | AD8: =IF(N8<AC8,W8/(1-(1-N8/AC8)^3),W8)*10000 -> 0.001437305 | AE8: =2021-1950 -> 71 | AF8: {=_xlfn.IFS(N8<=AC8,W8*(3/(X8^3 - (X8-AB8)^3)),N8>AC8,W8*(3/X8^3))} -> 1.3713347e-12 | AG8: =(AF8/3)*(AE8^3)*10000 -> 0.0016360526 | AH8: =AD8-AG8 -> -0.00019874754 | AI8: =AG8*100/AD8 -> 113.82779
A9: Zhang et al., | B9: Microplastic pollution in water, sediment, and fish from artificial reefs around the Ma’an Archipelago, Shengsi, China - ScienceDirect | C9: 30.775 | D9: 122.641 | E9: Fibers | F9: 92% fibers | G9: -1.27 | H9: 50 | I9: 27.6 | J9: =LOG(I9, 10) - (G9) * LOG(H9,10)^(G9+1) -> 2.5415701 | K9: =-1*10^J9*(G9+1) -> 93.958018 | L9: =IF(E9="Fragments",0.000000097*K9*(5000^(4+G9)-1)/(4+G9),0.000106*K9*(5000^(2+G9)-1)/(2+G9)) -> 6.8280714 | M9: 2018 | N9: 5 | O9: 75 | P9: 59111.205 | Q9: 25.3 | R9: 0.61037441 | S9: 0.13007918 | T9: 0.65010635 | U9: 6000 | V9: =L9*R9*0.000000001 -> 4.1676801e-09 | W9: =V9*N9 -> 2.08384e-08 | X9: =M9-1950 -> 68 | Y9: =N9/S9 -> 38.438126 | Z9: =S9*X9 -> 8.8453843 | AA9: =IF(N9<Z9,W9/(1-(1-N9/Z9)^3),W9)*10000 -> 0.0002270378 | AB9: =N9/T9 -> 7.6910493 | AC9: =T9*X9 -> 44.207232 | AD9: =IF(N9<AC9,W9/(1-(1-N9/AC9)^3),W9)*10000 -> 0.00068914486 | AE9: =2021-1950 -> 71 | AF9: {=_xlfn.IFS(N9<=AC9,W9*(3/(X9^3 - (X9-AB9)^3)),N9>AC9,W9*(3/X9^3))} -> 6.5751405e-13 | AG9: =(AF9/3)*(AE9^3)*10000 -> 0.00078443837 | AH9: =AD9-AG9 -> -9.5293511e-05 | AI9: =AG9*100/AD9 -> 113.82779
A10: Zhang et al., | B10: Microplastic pollution in water, sediment, and fish from artificial reefs around the Ma’an Archipelago, Shengsi, China - ScienceDirect | C10: 30.771 | D10: 122.733 | E10: Fibers | F10: 92% fibers | G10: -1.27 | H10: 50 | I10: 73.6 | J10: =LOG(I10, 10) - (G10) * LOG(H10,10)^(G10+1) -> 2.9675388 | K10: =-1*10^J10*(G10+1) -> 250.55472 | L10: =IF(E10="Fragments",0.000000097*K10*(5000^(4+G10)-1)/(4+G10),0.000106*K10*(5000^(2+G10)-1)/(2+G10)) -> 18.20819 | M10: 2018 | N10: 5 | O10: 75 | P10: 68236.186 | Q10: 33.6 | R10: 0.61037441 | S10: 0.12900196 | T10: 0.66525852 | U10: 3000 | V10: =L10*R10*0.000000001 -> 1.1113813e-08 | W10: =V10*N10 -> 5.5569067e-08 | X10: =M10-1950 -> 68 | Y10: =N10/S10 -> 38.759102 | Z10: =S10*X10 -> 8.7721331 | AA10: =IF(N10<Z10,W10/(1-(1-N10/Z10)^3),W10)*10000 -> 0.00060369291 | AB10: =N10/T10 -> 7.5158751 | AC10: =T10*X10 -> 45.23758 | AD10: =IF(N10<AC10,W10/(1-(1-N10/AC10)^3),W10)*10000 -> 0.0018755343 | AE10: =2021-1950 -> 71 | AF10: {=_xlfn.IFS(N10<=AC10,W10*(3/(X10^3 - (X10-AB10)^3)),N10>AC10,W10*(3/X10^3))} -> 1.7894498e-12 | AG10: =(AF10/3)*(AE10^3)*10000 -> 0.0021348792 | AH10: =AD10-AG10 -> -0.00025934496 | AI10: =AG10*100/AD10 -> 113.82779
A11: Zhang et al., | B11: Microplastic pollution in water, sediment, and fish from artificial reefs around the Ma’an Archipelago, Shengsi, China - ScienceDirect | C11: 30.762 | D11: 122.659 | E11: Fibers | F11: 92% fibers | G11: -1.27 | H11: 50 | I11: 73.6 | J11: =LOG(I11, 10) - (G11) * LOG(H11,10)^(G11+1) -> 2.9675388 | K11: =-1*10^J11*(G11+1) -> 250.55472 | L11: =IF(E11="Fragments",0.000000097*K11*(5000^(4+G11)-1)/(4+G11),0.000106*K11*(5000^(2+G11)-1)/(2+G11)) -> 18.20819 | M11: 2018 | N11: 5 | O11: 75 | P11: 61718.342 | Q11: 40.1 | R11: 0.61037441 | S11: 0.12816458 | T11: 0.65010635 | U11: 7000 | V11: =L11*R11*0.000000001 -> 1.1113813e-08 | W11: =V11*N11 -> 5.5569067e-08 | X11: =M11-1950 -> 68 | Y11: =N11/S11 -> 39.012339 | Z11: =S11*X11 -> 8.7151914 | AA11: =IF(N11<Z11,W11/(1-(1-N11/Z11)^3),W11)*10000 -> 0.00060235271 | AB11: =N11/T11 -> 7.6910493 | AC11: =T11*X11 -> 44.207232 | AD11: =IF(N11<AC11,W11/(1-(1-N11/AC11)^3),W11)*10000 -> 0.0018377196 | AE11: =2021-1950 -> 71 | AF11: {=_xlfn.IFS(N11<=AC11,W11*(3/(X11^3 - (X11-AB11)^3)),N11>AC11,W11*(3/X11^3))} -> 1.7533708e-12 | AG11: =(AF11/3)*(AE11^3)*10000 -> 0.0020918356 | AH11: =AD11-AG11 -> -0.00025411603 | AI11: =AG11*100/AD11 -> 113.82779
A12: Chen et al., | B12: Assessment of microplastics derived from mariculture in Xiangshan Bay, China - ScienceDirect | C12: 29.5 | D12: 121.51 | E12: Fibers | F12: 82% fibers | G12: -1.14 | H12: 500 | I12: 109.9629 | J12: =LOG(I12, 10) - (G12) * LOG(H12,10)^(G12+1) -> 3.0333043 | K12: =-1*10^J12*(G12+1) -> 151.15842 | L12: =IF(E12="Fragments",0.000000097*K12*(5000^(4+G12)-1)/(4+G12),0.000106*K12*(5000^(2+G12)-1)/(2+G12)) -> 28.253202 | M12: 2017 | N12: 5 | O12: 6 | P12: 3701.4912 | R12: 0.61037441 | S12: 0.13341858 | T12: 0.587512 | U12: 1000 | V12: =L12*R12*0.000000001 -> 1.7245032e-08 | W12: =V12*N12 -> 8.6225158e-08 | X12: =M12-1950 -> 67 | Y12: =N12/S12 -> 37.476038 | Z12: =S12*X12 -> 8.9390452 | AA12: =IF(N12<Z12,W12/(1-(1-N12/Z12)^3),W12)*10000 -> 0.00094293438 | AB12: =N12/T12 -> 8.5104644 | AC12: =T12*X12 -> 39.363304 | AD12: =IF(N12<AC12,W12/(1-(1-N12/AC12)^3),W12)*10000 -> 0.002576105 | AE12: =2021-1950 -> 71 | AF12: {=_xlfn.IFS(N12<=AC12,W12*(3/(X12^3 - (X12-AB12)^3)),N12>AC12,W12*(3/X12^3))} -> 2.5695697e-12 | AG12: =(AF12/3)*(AE12^3)*10000 -> 0.0030655909 | AH12: =AD12-AG12 -> -0.00048948589 | AI12: =AG12*100/AD12 -> 119.00101
A13: Chen et al., | B13: Assessment of microplastics derived from mariculture in Xiangshan Bay, China - ScienceDirect | C13: 29.51 | D13: 121.5 | E13: Fibers | F13: 64% fibers | G13: -1.14 | H13: 500 | I13: 208.8504 | J13: =LOG(I13, 10) - (G13) * LOG(H13,10)^(G13+1) -> 3.3118934 | K13: =-1*10^J13*(G13+1) -> 287.09226 | L13: =IF(E13="Fragments",0.000000097*K13*(5000^(4+G13)-1)/(4+G13),0.000106*K13*(5000^(2+G13)-1)/(2+G13)) -> 53.660758 | M13: 2017 | N13: 5 | O13: 6 | P13: 2397.9226 | R13: 0.61037441 | S13: 0.13341858 | T13: 0.587512 | U13: 1000 | V13: =L13*R13*0.000000001 -> 3.2753154e-08 | W13: =V13*N13 -> 1.6376577e-07 | X13: =M13-1950 -> 67 | Y13: =N13/S13 -> 37.476038 | Z13: =S13*X13 -> 8.9390452 | AA13: =IF(N13<Z13,W13/(1-(1-N13/Z13)^3),W13)*10000 -> 0.001790897 | AB13: =N13/T13 -> 8.5104644 | AC13: =T13*X13 -> 39.363304 | AD13: =IF(N13<AC13,W13/(1-(1-N13/AC13)^3),W13)*10000 -> 0.0048927461 | AE13: =2021-1950 -> 71 | AF13: {=_xlfn.IFS(N13<=AC13,W13*(3/(X13^3 - (X13-AB13)^3)),N13>AC13,W13*(3/X13^3))} -> 4.8803338e-12 | AG13: =(AF13/3)*(AE13^3)*10000 -> 0.0058224172 | AH13: =AD13-AG13 -> -0.00092967105 | AI13: =AG13*100/AD13 -> 119.00101
A14: Chen et al., | B14: Assessment of microplastics derived from mariculture in Xiangshan Bay, China - ScienceDirect | C14: 29.51 | D14: 121.51 | E14: Fibers | F14: 47% fibers | G14: -1.14 | H14: 500 | I14: 261.063 | J14: =LOG(I14, 10) - (G14) * LOG(H14,10)^(G14+1) -> 3.4088035 | K14: =-1*10^J14*(G14+1) -> 358.86532 | L14: =IF(E14="Fragments",0.000000097*K14*(5000^(4+G14)-1)/(4+G14),0.000106*K14*(5000^(2+G14)-1)/(2+G14)) -> 67.075948 | M14: 2017 | N14: 5 | O14: 6 | P14: 1062.167 | R14: 0.61037441 | S14: 0.13341858 | T14: 0.587512 | U14: 1000 | V14: =L14*R14*0.000000001 -> 4.0941442e-08 | W14: =V14*N14 -> 2.0470721e-07 | X14: =M14-1950 -> 67 | Y14: =N14/S14 -> 37.476038 | Z14: =S14*X14 -> 8.9390452 | AA14: =IF(N14<Z14,W14/(1-(1-N14/Z14)^3),W14)*10000 -> 0.0022386212 | AB14: =N14/T14 -> 8.5104644 | AC14: =T14*X14 -> 39.363304 | AD14: =IF(N14<AC14,W14/(1-(1-N14/AC14)^3),W14)*10000 -> 0.0061159326 | AE14: =2021-1950 -> 71 | AF14: {=_xlfn.IFS(N14<=AC14,W14*(3/(X14^3 - (X14-AB14)^3)),N14>AC14,W14*(3/X14^3))} -> 6.1004172e-12 | AG14: =(AF14/3)*(AE14^3)*10000 -> 0.0072780214 | AH14: =AD14-AG14 -> -0.0011620888 | AI14: =AG14*100/AD14 -> 119.00101
A15: Chen et al., | B15: Assessment of microplastics derived from mariculture in Xiangshan Bay, China - ScienceDirect | C15: 29.52 | D15: 121.5 | E15: Fibers | F15: 61% fibers | G15: -1.14 | H15: 500 | I15: 250.2513 | J15: =LOG(I15, 10) - (G15) * LOG(H15,10)^(G15+1) -> 3.3904345 | K15: =-1*10^J15*(G15+1) -> 344.00322 | L15: =IF(E15="Fragments",0.000000097*K15*(5000^(4+G15)-1)/(4+G15),0.000106*K15*(5000^(2+G15)-1)/(2+G15)) -> 64.298055 | M15: 2017 | N15: 5 | O15: 6 | P15: 1303.5686 | R15: 0.61037441 | S15: 0.13341858 | T15: 0.587512 | U15: 1000 | V15: =L15*R15*0.000000001 -> 3.9245887e-08 | W15: =V15*N15 -> 1.9622944e-07 | X15: =M15-1950 -> 67 | Y15: =N15/S15 -> 37.476038 | Z15: =S15*X15 -> 8.9390452 | AA15: =IF(N15<Z15,W15/(1-(1-N15/Z15)^3),W15)*10000 -> 0.0021459106 | AB15: =N15/T15 -> 8.5104644 | AC15: =T15*X15 -> 39.363304 | AD15: =IF(N15<AC15,W15/(1-(1-N15/AC15)^3),W15)*10000 -> 0.0058626465 | AE15: =2021-1950 -> 71 | AF15: {=_xlfn.IFS(N15<=AC15,W15*(3/(X15^3 - (X15-AB15)^3)),N15>AC15,W15*(3/X15^3))} -> 5.8477737e-12 | AG15: =(AF15/3)*(AE15^3)*10000 -> 0.0069766084 | AH15: =AD15-AG15 -> -0.0011139619 | AI15: =AG15*100/AD15 -> 119.00101
A16: Chen et al., | B16: Assessment of microplastics derived from mariculture in Xiangshan Bay, China - ScienceDirect | C16: 29.53 | D16: 121.5 | E16: Fibers | F16: 64% fibers | G16: -1.14 | H16: 500 | I16: 1466.4357 | J16: =LOG(I16, 10) - (G16) * LOG(H16,10)^(G16+1) -> 4.1583212 | K16: =-1*10^J16*(G16+1) -> 2015.8081 | L16: =IF(E16="Fragments",0.000000097*K16*(5000^(4+G16)-1)/(4+G16),0.000106*K16*(5000^(2+G16)-1)/(2+G16)) -> 376.77712 | M16: 2017 | N16: 5 | O16: 6 | P16: 225.30816 | R16: 0.61037441 | S16: 0.13341858 | T16: 0.587512 | U16: 1000 | V16: =L16*R16*0.000000001 -> 2.2997511e-07 | W16: =V16*N16 -> 1.1498756e-06 | X16: =M16-1950 -> 67 | Y16: =N16/S16 -> 37.476038 | Z16: =S16*X16 -> 8.9390452 | AA16: =IF(N16<Z16,W16/(1-(1-N16/Z16)^3),W16)*10000 -> 0.01257472 | AB16: =N16/T16 -> 8.5104644 | AC16: =T16*X16 -> 39.363304 | AD16: =IF(N16<AC16,W16/(1-(1-N16/AC16)^3),W16)*10000 -> 0.034354244 | AE16: =2021-1950 -> 71 | AF16: {=_xlfn.IFS(N16<=AC16,W16*(3/(X16^3 - (X16-AB16)^3)),N16>AC16,W16*(3/X16^3))} -> 3.4267091e-11 | AG16: =(AF16/3)*(AE16^3)*10000 -> 0.040881896 | AH16: =AD16-AG16 -> -0.0065276524 | AI16: =AG16*100/AD16 -> 119.00101
A17: Extrapolated studies using mean slope from studies in Chinese seas : -1,55
A18: Zhao et al., | B18: Microplastic pollution in sediments from the Bohai Sea and the Yellow Sea, China - ScienceDirect | C18: 37.862 | D18: 119.444 | E18: Fibers | F18: 94% fibers | G18: -1.55 | H18: 500 | I18: 91.224435 | J18: =LOG(I18, 10) - (G18) * LOG(H18,10)^(G18+1) -> 2.8578971 | K18: =-1*10^J18*(G18+1) -> 396.51511 | L18: =IF(E18="Fragments",0.000000097*K18*(5000^(4+G18)-1)/(4+G18),0.000106*K18*(5000^(2+G18)-1)/(2+G18)) -> 4.2206926 | M18: 2016 | N18: 5 | O18: 30 | P18: 25154.047 | Q18: 10 | R18: 0.61037441 | S18: 0.13208854 | T18: 2.2290935 | U18: 35000 | V18: =L18*R18*0.000000001 -> 2.5762027e-09 | W18: =V18*N18 -> 1.2881014e-08 | X18: =M18-1950 -> 66 | Y18: =N18/S18 -> 37.853398 | Z18: =S18*X18 -> 8.7178434 | AA18: =IF(N18<Z18,W18/(1-(1-N18/Z18)^3),W18)*10000 -> 0.00013964089 | AB18: =N18/T18 -> 2.2430643 | AC18: =T18*X18 -> 147.12017 | AD18: =IF(N18<AC18,W18/(1-(1-N18/AC18)^3),W18)*10000 -> 0.0013072976 | AE18: =2021-1950 -> 71 | AF18: {=_xlfn.IFS(N18<=AC18,W18*(3/(X18^3 - (X18-AB18)^3)),N18>AC18,W18*(3/X18^3))} -> 1.3641556e-12 | AG18: =(AF18/3)*(AE18^3)*10000 -> 0.0016274876 | AH18: =AD18-AG18 -> -0.00032019005 | AI18: =AG18*100/AD18 -> 124.49251
A19: Zhao et al., | B19: Microplastic pollution in sediments from the Bohai Sea and the Yellow Sea, China - ScienceDirect | C19: 38.096 | D19: 120.043 | E19: Fibers | F19: 94% fibers | G19: -1.55 | H19: 500 | I19: 133.5703 | J19: =LOG(I19, 10) - (G19) * LOG(H19,10)^(G19+1) -> 3.0234958 | K19: =-1*10^J19*(G19+1) -> 580.5752 | L19: =IF(E19="Fragments",0.000000097*K19*(5000^(4+G19)-1)/(4+G19),0.000106*K19*(5000^(2+G19)-1)/(2+G19)) -> 6.1799144 | M19: 2016 | N19: 5 | O19: 30 | P19: 50533.402 | Q19: 10 | R19: 0.61037441 | S19: 0.13208854 | T19: 1.2478572 | U19: 48000 | V19: =L19*R19*0.000000001 -> 3.7720616e-09 | W19: =V19*N19 -> 1.8860308e-08 | X19: =M19-1950 -> 66 | Y19: =N19/S19 -> 37.853398 | Z19: =S19*X19 -> 8.7178434 | AA19: =IF(N19<Z19,W19/(1-(1-N19/Z19)^3),W19)*10000 -> 0.00020446141 | AB19: =N19/T19 -> 4.0068687 | AC19: =T19*X19 -> 82.358577 | AD19: =IF(N19<AC19,W19/(1-(1-N19/AC19)^3),W19)*10000 -> 0.0011010297 | AE19: =2021-1950 -> 71 | AF19: {=_xlfn.IFS(N19<=AC19,W19*(3/(X19^3 - (X19-AB19)^3)),N19>AC19,W19*(3/X19^3))} -> 1.1489165e-12 | AG19: =(AF19/3)*(AE19^3)*10000 -> 0.0013706996 | AH19: =AD19-AG19 -> -0.00026966986 | AI19: =AG19*100/AD19 -> 124.49251
A20: Zhao et al., | B20: Microplastic pollution in sediments from the Bohai Sea and the Yellow Sea, China - ScienceDirect | C20: 33.716884 | D20: 123.3903 | E20: Fibers | F20: 94% fibers | G20: -1.55 | H20: 500 | I20: 51.211671 | J20: =LOG(I20, 10) - (G20) * LOG(H20,10)^(G20+1) -> 2.6071548 | K20: =-1*10^J20*(G20+1) -> 222.59608 | L20: =IF(E20="Fragments",0.000000097*K20*(5000^(4+G20)-1)/(4+G20),0.000106*K20*(5000^(2+G20)-1)/(2+G20)) -> 2.3694169 | M20: 2016 | N20: 5 | O20: 30 | P20: 270450.26 | Q20: 20 | R20: 0.61037441 | S20: 0.13077175 | T20: 0.33821066 | U20: 161000 | V20: =L20*R20*0.000000001 -> 1.4462315e-09 | W20: =V20*N20 -> 7.2311573e-09 | X20: =M20-1950 -> 66 | Y20: =N20/S20 -> 38.234558 | Z20: =S20*X20 -> 8.6309354 | AA20: =IF(N20<Z20,W20/(1-(1-N20/Z20)^3),W20)*10000 -> 7.8128469e-05 | AB20: =N20/T20 -> 14.783685 | AC20: =T20*X20 -> 22.321904 | AD20: =IF(N20<AC20,W20/(1-(1-N20/AC20)^3),W20)*10000 -> 0.00013574468 | AE20: =2021-1950 -> 71 | AF20: {=_xlfn.IFS(N20<=AC20,W20*(3/(X20^3 - (X20-AB20)^3)),N20>AC20,W20*(3/X20^3))} -> 1.4164859e-13 | AG20: =(AF20/3)*(AE20^3)*10000 -> 0.00016899197 | AH20: =AD20-AG20 -> -3.3247286e-05 | AI20: =AG20*100/AD20 -> 124.49251
A21: Zhao et al., | B21: Microplastic pollution in sediments from the Bohai Sea and the Yellow Sea, China - ScienceDirect | C21: 38.586 | D21: 118.854 | E21: Fibers | F21: 94% fibers | G21: -1.55 | H21: 500 | I21: 114.32218 | J21: =LOG(I21, 10) - (G21) * LOG(H21,10)^(G21+1) -> 2.9559164 | K21: =-1*10^J21*(G21+1) -> 496.91152 | L21: =IF(E21="Fragments",0.000000097*K21*(5000^(4+G21)-1)/(4+G21),0.000106*K21*(5000^(2+G21)-1)/(2+G21)) -> 5.289359 | M21: 2016 | N21: 5 | O21: 30 | P21: 44144.306 | Q21: 20 | R21: 0.61037441 | S21: 0.13077175 | T21: 1.5618463 | U21: 41000 | V21: =L21*R21*0.000000001 -> 3.2284894e-09 | W21: =V21*N21 -> 1.6142447e-08 | X21: =M21-1950 -> 66 | Y21: =N21/S21 -> 38.234558 | Z21: =S21*X21 -> 8.6309354 | AA21: =IF(N21<Z21,W21/(1-(1-N21/Z21)^3),W21)*10000 -> 0.00017440979 | AB21: =N21/T21 -> 3.2013394 | AC21: =T21*X21 -> 103.08185 | AD21: =IF(N21<AC21,W21/(1-(1-N21/AC21)^3),W21)*10000 -> 0.0011649199 | AE21: =2021-1950 -> 71 | AF21: {=_xlfn.IFS(N21<=AC21,W21*(3/(X21^3 - (X21-AB21)^3)),N21>AC21,W21*(3/X21^3))} -> 1.2155855e-12 | AG21: =(AF21/3)*(AE21^3)*10000 -> 0.0014502381 | AH21: =AD21-AG21 -> -0.00028531818 | AI21: =AG21*100/AD21 -> 124.49251
A22: Zhao et al., | B22: Microplastic pollution in sediments from the Bohai Sea and the Yellow Sea, China - ScienceDirect | C22: 39.397 | D22: 120.204 | E22: Fibers | F22: 94% fibers | G22: -1.55 | H22: 500 | I22: 72.7929 | J22: =LOG(I22, 10) - (G22) * LOG(H22,10)^(G22+1) -> 2.7598749 | K22: =-1*10^J22*(G22+1) -> 316.40081 | L22: =IF(E22="Fragments",0.000000097*K22*(5000^(4+G22)-1)/(4+G22),0.000106*K22*(5000^(2+G22)-1)/(2+G22)) -> 3.3679184 | M22: 2016 | N22: 5 | O22: 30 | P22: 90960.123 | Q22: 30 | R22: 0.61037441 | S22: 0.12946809 | T22: 1.4029212 | U22: 72000 | V22: =L22*R22*0.000000001 -> 2.0556912e-09 | W22: =V22*N22 -> 1.0278456e-08 | X22: =M22-1950 -> 66 | Y22: =N22/S22 -> 38.619556 | Z22: =S22*X22 -> 8.5448937 | AA22: =IF(N22<Z22,W22/(1-(1-N22/Z22)^3),W22)*10000 -> 0.00011068749 | AB22: =N22/T22 -> 3.563992 | AC22: =T22*X22 -> 92.592802 | AD22: =IF(N22<AC22,W22/(1-(1-N22/AC22)^3),W22)*10000 -> 0.00067000286 | AE22: =2021-1950 -> 71 | AF22: {=_xlfn.IFS(N22<=AC22,W22*(3/(X22^3 - (X22-AB22)^3)),N22>AC22,W22*(3/X22^3))} -> 6.9914314e-13 | AG22: =(AF22/3)*(AE22^3)*10000 -> 0.0008341034 | AH22: =AD22-AG22 -> -0.00016410055 | AI22: =AG22*100/AD22 -> 124.49251
A23: Zhao et al., | B23: Microplastic pollution in sediments from the Bohai Sea and the Yellow Sea, China - ScienceDirect | C23: 35.270245 | D23: 122.8352 | E23: Fibers | F23: 94% fibers | G23: -1.55 | H23: 500 | I23: 33.246757 | J23: =LOG(I23, 10) - (G23) * LOG(H23,10)^(G23+1) -> 2.4195352 | K23: =-1*10^J23*(G23+1) -> 144.50998 | L23: =IF(E23="Fragments",0.000000097*K23*(5000^(4+G23)-1)/(4+G23),0.000106*K23*(5000^(2+G23)-1)/(2+G23)) -> 1.538232 | M23: 2016 | N23: 5 | O23: 30 | P23: 223682.72 | Q23: 45 | R23: 0.61037441 | S23: 0.12753692 | T23: 0.13991411 | U23: 173000 | V23: =L23*R23*0.000000001 -> 9.3889742e-10 | W23: =V23*N23 -> 4.6944871e-09 | X23: =M23-1950 -> 66 | Y23: =N23/S23 -> 39.204333 | Z23: =S23*X23 -> 8.4174368 | AA23: =IF(N23<Z23,W23/(1-(1-N23/Z23)^3),W23)*10000 -> 5.0311782e-05 | AB23: =N23/T23 -> 35.736211 | AC23: =T23*X23 -> 9.2343311 | AD23: =IF(N23<AC23,W23/(1-(1-N23/AC23)^3),W23)*10000 -> 5.1953935e-05 | AE23: =2021-1950 -> 71 | AF23: {=_xlfn.IFS(N23<=AC23,W23*(3/(X23^3 - (X23-AB23)^3)),N23>AC23,W23*(3/X23^3))} -> 5.4213556e-14 | AG23: =(AF23/3)*(AE23^3)*10000 -> 6.467876e-05 | AH23: =AD23-AG23 -> -1.2724825e-05 | AI23: =AG23*100/AD23 -> 124.49251
A24: Zhao et al., | B24: Microplastic pollution in sediments from the Bohai Sea and the Yellow Sea, China - ScienceDirect | C24: 38.586 | D24: 121.928 | E24: Fibers | F24: 94% fibers | G24: -1.55 | H24: 500 | I24: 52.49488 | J24: =LOG(I24, 10) - (G24) * LOG(H24,10)^(G24+1) -> 2.6179028 | K24: =-1*10^J24*(G24+1) -> 228.17366 | L24: =IF(E24="Fragments",0.000000097*K24*(5000^(4+G24)-1)/(4+G24),0.000106*K24*(5000^(2+G24)-1)/(2+G24)) -> 2.4287873 | M24: 2016 | N24: 5 | O24: 30 | P24: 41311.86 | Q24: 45 | R24: 0.61037441 | S24: 0.12753692 | T24: 0.25896853 | U24: 32000 | V24: =L24*R24*0.000000001 -> 1.4824696e-09 | W24: =V24*N24 -> 7.4123481e-09 | X24: =M24-1950 -> 66 | Y24: =N24/S24 -> 39.204333 | Z24: =S24*X24 -> 8.4174368 | AA24: =IF(N24<Z24,W24/(1-(1-N24/Z24)^3),W24)*10000 -> 7.9439655e-05 | AB24: =N24/T24 -> 19.307365 | AC24: =T24*X24 -> 17.091923 | AD24: =IF(N24<AC24,W24/(1-(1-N24/AC24)^3),W24)*10000 -> 0.00011475817 | AE24: =2021-1950 -> 71 | AF24: {=_xlfn.IFS(N24<=AC24,W24*(3/(X24^3 - (X24-AB24)^3)),N24>AC24,W24*(3/X24^3))} -> 1.1974932e-13 | AG24: =(AF24/3)*(AE24^3)*10000 -> 0.00014286533 | AH24: =AD24-AG24 -> -2.8107162e-05 | AI24: =AG24*100/AD24 -> 124.49251
A25: Zhao et al., | B25: Microplastic pollution in sediments from the Bohai Sea and the Yellow Sea, China - ScienceDirect | C25: 37.106 | D25: 123.639 | E25: Fibers | F25: 94% fibers | G25: -1.55 | H25: 500 | I25: 63.227166 | J25: =LOG(I25, 10) - (G25) * LOG(H25,10)^(G25+1) -> 2.6986896 | K25: =-1*10^J25*(G25+1) -> 274.82249 | L25: =IF(E25="Fragments",0.000000097*K25*(5000^(4+G25)-1)/(4+G25),0.000106*K25*(5000^(2+G25)-1)/(2+G25)) -> 2.9253394 | M25: 2016 | N25: 5 | O25: 30 | P25: 92939.616 | Q25: 50 | R25: 0.61037441 | S25: 0.12689962 | T25: 0.13622703 | U25: 90000 | V25: =L25*R25*0.000000001 -> 1.7855523e-09 | W25: =V25*N25 -> 8.9277614e-09 | X25: =M25-1950 -> 66 | Y25: =N25/S25 -> 39.40122 | Z25: =S25*X25 -> 8.3753751 | AA25: =IF(N25<Z25,W25/(1-(1-N25/Z25)^3),W25)*10000 -> 9.5530729e-05 | AB25: =N25/T25 -> 36.703436 | AC25: =T25*X25 -> 8.9909837 | AD25: =IF(N25<AC25,W25/(1-(1-N25/AC25)^3),W25)*10000 -> 9.7834382e-05 | AE25: =2021-1950 -> 71 | AF25: {=_xlfn.IFS(N25<=AC25,W25*(3/(X25^3 - (X25-AB25)^3)),N25>AC25,W25*(3/X25^3))} -> 1.0208947e-13 | AG25: =(AF25/3)*(AE25^3)*10000 -> 0.00012179648 | AH25: =AD25-AG25 -> -2.39621e-05 | AI25: =AG25*100/AD25 -> 124.49251
A26: Zhao et al., | B26: Microplastic pollution in sediments from the Bohai Sea and the Yellow Sea, China - ScienceDirect | C26: 36.189942 | D26: 122.87323 | E26: Fibers | F26: 94% fibers | G26: -1.55 | H26: 500 | I26: 40.246074 | J26: =LOG(I26, 10) - (G26) * LOG(H26,10)^(G26+1) -> 2.5025094 | K26: =-1*10^J26*(G26+1) -> 174.93314 | L26: =IF(E26="Fragments",0.000000097*K26*(5000^(4+G26)-1)/(4+G26),0.000106*K26*(5000^(2+G26)-1)/(2+G26)) -> 1.8620703 | M26: 2016 | N26: 5 | O26: 30 | P26: 82108.731 | Q26: 51 | R26: 0.61037441 | S26: 0.12677255 | T26: 0.13896753 | U26: 83000 | V26: =L26*R26*0.000000001 -> 1.13656e-09 | W26: =V26*N26 -> 5.6828002e-09 | X26: =M26-1950 -> 66 | Y26: =N26/S26 -> 39.440716 | Z26: =S26*X26 -> 8.366988 | AA26: =IF(N26<Z26,W26/(1-(1-N26/Z26)^3),W26)*10000 -> 6.0789367e-05 | AB26: =N26/T26 -> 35.979628 | AC26: =T26*X26 -> 9.171857 | AD26: =IF(N26<AC26,W26/(1-(1-N26/AC26)^3),W26)*10000 -> 6.273139e-05 | AE26: =2021-1950 -> 71 | AF26: {=_xlfn.IFS(N26<=AC26,W26*(3/(X26^3 - (X26-AB26)^3)),N26>AC26,W26*(3/X26^3))} -> 6.5459752e-14 | AG26: =(AF26/3)*(AE26^3)*10000 -> 7.8095885e-05 | AH26: =AD26-AG26 -> -1.5364495e-05 | AI26: =AG26*100/AD26 -> 124.49251
A27: Zhao et al., | B27: Microplastic pollution in sediments from the Bohai Sea and the Yellow Sea, China - ScienceDirect | C27: 38.088 | D27: 121.282 | E27: Fibers | F27: 94% fibers | G27: -1.55 | H27: 500 | I27: 128.67078 | J27: =LOG(I27, 10) - (G27) * LOG(H27,10)^(G27+1) -> 3.0072658 | K27: =-1*10^J27*(G27+1) -> 559.27899 | L27: =IF(E27="Fragments",0.000000097*K27*(5000^(4+G27)-1)/(4+G27),0.000106*K27*(5000^(2+G27)-1)/(2+G27)) -> 5.9532275 | M27: 2016 | N27: 5 | O27: 30 | P27: 37433.341 | Q27: 55 | R27: 0.61037441 | S27: 0.12626551 | T27: 0.25650591 | U27: 30000 | V27: =L27*R27*0.000000001 -> 3.6336977e-09 | W27: =V27*N27 -> 1.8168489e-08 | X27: =M27-1950 -> 66 | Y27: =N27/S27 -> 39.599096 | Z27: =S27*X27 -> 8.3335235 | AA27: =IF(N27<Z27,W27/(1-(1-N27/Z27)^3),W27)*10000 -> 0.00019410915 | AB27: =N27/T27 -> 19.492728 | AC27: =T27*X27 -> 16.92939 | AD27: =IF(N27<AC27,W27/(1-(1-N27/AC27)^3),W27)*10000 -> 0.00027946766 | AE27: =2021-1950 -> 71 | AF27: {=_xlfn.IFS(N27<=AC27,W27*(3/(X27^3 - (X27-AB27)^3)),N27>AC27,W27*(3/X27^3))} -> 2.9162248e-13 | AG27: =(AF27/3)*(AE27^3)*10000 -> 0.00034791631 | AH27: =AD27-AG27 -> -6.8448657e-05 | AI27: =AG27*100/AD27 -> 124.49251
A28: Zhao et al., | B28: Microplastic pollution in sediments from the Bohai Sea and the Yellow Sea, China - ScienceDirect | C28: 33.864115 | D28: 123.06644 | E28: Fibers | F28: 94% fibers | G28: -1.55 | H28: 500 | I28: 38.846211 | J28: =LOG(I28, 10) - (G28) * LOG(H28,10)^(G28+1) -> 2.4871345 | K28: =-1*10^J28*(G28+1) -> 168.84851 | L28: =IF(E28="Fragments",0.000000097*K28*(5000^(4+G28)-1)/(4+G28),0.000106*K28*(5000^(2+G28)-1)/(2+G28)) -> 1.7973026 | M28: 2016 | N28: 5 | O28: 30 | P28: 237410.43 | Q28: 60 | R28: 0.61037441 | S28: 0.12563456 | T28: 0.14198598 | U28: 187000 | V28: =L28*R28*0.000000001 -> 1.0970275e-09 | W28: =V28*N28 -> 5.4851376e-09 | X28: =M28-1950 -> 66 | Y28: =N28/S28 -> 39.797966 | Z28: =S28*X28 -> 8.2918811 | AA28: =IF(N28<Z28,W28/(1-(1-N28/Z28)^3),W28)*10000 -> 5.8512567e-05 | AB28: =N28/T28 -> 35.214745 | AC28: =T28*X28 -> 9.3710746 | AD28: =IF(N28<AC28,W28/(1-(1-N28/AC28)^3),W28)*10000 -> 6.1046615e-05 | AE28: =2021-1950 -> 71 | AF28: {=_xlfn.IFS(N28<=AC28,W28*(3/(X28^3 - (X28-AB28)^3)),N28>AC28,W28*(3/X28^3))} -> 6.3701702e-14 | AG28: =(AF28/3)*(AE28^3)*10000 -> 7.5998466e-05 | AH28: =AD28-AG28 -> -1.4951851e-05 | AI28: =AG28*100/AD28 -> 124.49251
A29: Zhao et al., | B29: Microplastic pollution in sediments from the Bohai Sea and the Yellow Sea, China - ScienceDirect | C29: 35.97221 | D29: 122.84668 | E29: Fibers | F29: 94% fibers | G29: -1.55 | H29: 500 | I29: 53.311467 | J29: =LOG(I29, 10) - (G29) * LOG(H29,10)^(G29+1) -> 2.6246065 | K29: =-1*10^J29*(G29+1) -> 231.72303 | L29: =IF(E29="Fragments",0.000000097*K29*(5000^(4+G29)-1)/(4+G29),0.000106*K29*(5000^(2+G29)-1)/(2+G29)) -> 2.4665684 | M29: 2016 | N29: 5 | O29: 30 | P29: 108679 | Q29: 60 | R29: 0.61037441 | S29: 0.12563456 | T29: 0.13919292 | U29: 102000 | V29: =L29*R29*0.000000001 -> 1.5055303e-09 | W29: =V29*N29 -> 7.5276513e-09 | X29: =M29-1950 -> 66 | Y29: =N29/S29 -> 39.797966 | Z29: =S29*X29 -> 8.2918811 | AA29: =IF(N29<Z29,W29/(1-(1-N29/Z29)^3),W29)*10000 -> 8.030103e-05 | AB29: =N29/T29 -> 35.921367 | AC29: =T29*X29 -> 9.1867329 | AD29: =IF(N29<AC29,W29/(1-(1-N29/AC29)^3),W29)*10000 -> 8.3146749e-05 | AE29: =2021-1950 -> 71 | AF29: {=_xlfn.IFS(N29<=AC29,W29*(3/(X29^3 - (X29-AB29)^3)),N29>AC29,W29*(3/X29^3))} -> 8.6763032e-14 | AG29: =(AF29/3)*(AE29^3)*10000 -> 0.00010351148 | AH29: =AD29-AG29 -> -2.036473e-05 | AI29: =AG29*100/AD29 -> 124.49251
A30: Zhao et al., | B30: Microplastic pollution in sediments from the Bohai Sea and the Yellow Sea, China - ScienceDirect | C30: 38.349 | D30: 123.171 | E30: Fibers | F30: 94% fibers | G30: -1.55 | H30: 500 | I30: 59.844163 | J30: =LOG(I30, 10) - (G30) * LOG(H30,10)^(G30+1) -> 2.6748077 | K30: =-1*10^J30*(G30+1) -> 260.11797 | L30: =IF(E30="Fragments",0.000000097*K30*(5000^(4+G30)-1)/(4+G30),0.000106*K30*(5000^(2+G30)-1)/(2+G30)) -> 2.7688175 | M30: 2016 | N30: 5 | O30: 30 | P30: 110513.65 | Q30: 65 | R30: 0.61037441 | S30: 0.12500677 | T30: 0.13455499 | U30: 75000 | V30: =L30*R30*0.000000001 -> 1.6900154e-09 | W30: =V30*N30 -> 8.4500768e-09 | X30: =M30-1950 -> 66 | Y30: =N30/S30 -> 39.997834 | Z30: =S30*X30 -> 8.2504467 | AA30: =IF(N30<Z30,W30/(1-(1-N30/Z30)^3),W30)*10000 -> 9.000455e-05 | AB30: =N30/T30 -> 37.159528 | AC30: =T30*X30 -> 8.8806294 | AD30: =IF(N30<AC30,W30/(1-(1-N30/AC30)^3),W30)*10000 -> 9.2193403e-05 | AE30: =2021-1950 -> 71 | AF30: {=_xlfn.IFS(N30<=AC30,W30*(3/(X30^3 - (X30-AB30)^3)),N30>AC30,W30*(3/X30^3))} -> 9.620315e-14 | AG30: =(AF30/3)*(AE30^3)*10000 -> 0.00011477389 | AH30: =AD30-AG30 -> -2.2580483e-05 | AI30: =AG30*100/AD30 -> 124.49251
A31: Zhang et al., | B31: Microplastic pollution in water, sediment, and fish from artificial reefs around the Ma’an Archipelago, Shengsi, China - ScienceDirect | C31: 37.457148 | D31: 121.77564 | E31: Fibers | F31: 0.87887 | G31: -1.55 | H31: 500 | I31: 319.00951 | J31: =LOG(I31, 10) - (G31) * LOG(H31,10)^(G31+1) -> 3.4015895 | K31: =-1*10^J31*(G31+1) -> 1386.6032 | L31: =IF(E31="Fragments",0.000000097*K31*(5000^(4+G31)-1)/(4+G31),0.000106*K31*(5000^(2+G31)-1)/(2+G31)) -> 14.759654 | M31: 2017 | N31: 5 | O31: 51 | P31: 0 | Q31: 5 | R31: 0.61037441 | S31: 0.1327519 | T31: 0.58816624 | U31: land | V31: =L31*R31*0.000000001 -> 9.0089149e-09 | W31: =V31*N31 -> 4.5044574e-08 | X31: =M31-1950 -> 67 | Y31: =N31/S31 -> 37.664246 | Z31: =S31*X31 -> 8.894377 | AA31: =IF(N31<Z31,W31/(1-(1-N31/Z31)^3),W31)*10000 -> 0.00049172062 | AB31: =N31/T31 -> 8.500998 | AC31: =T31*X31 -> 39.407138 | AD31: =IF(N31<AC31,W31/(1-(1-N31/AC31)^3),W31)*10000 -> 0.001347074 | AE31: =2021-1950 -> 71 | AF31: {=_xlfn.IFS(N31<=AC31,W31*(3/(X31^3 - (X31-AB31)^3)),N31>AC31,W31*(3/X31^3))} -> 1.3436566e-12 | AG31: =(AF31/3)*(AE31^3)*10000 -> 0.0016030316 | AH31: =AD31-AG31 -> -0.00025595763 | AI31: =AG31*100/AD31 -> 119.00101
A32: Zhang et al., | B32: Microplastic pollution in water, sediment, and fish from artificial reefs around the Ma’an Archipelago, Shengsi, China - ScienceDirect | C32: 37.461026 | D32: 121.68788 | E32: Fibers | F32: 0.91545 | G32: -1.55 | H32: 500 | I32: 585.80474 | J32: =LOG(I32, 10) - (G32) * LOG(H32,10)^(G32+1) -> 3.6655388 | K32: =-1*10^J32*(G32+1) -> 2546.2523 | L32: =IF(E32="Fragments",0.000000097*K32*(5000^(4+G32)-1)/(4+G32),0.000106*K32*(5000^(2+G32)-1)/(2+G32)) -> 27.103503 | M32: 2017 | N32: 5 | O32: 51 | P32: 0 | Q32: 5 | R32: 0.61037441 | S32: 0.1327519 | T32: 0.59437422 | U32: land | V32: =L32*R32*0.000000001 -> 1.6543284e-08 | W32: =V32*N32 -> 8.2716422e-08 | X32: =M32-1950 -> 67 | Y32: =N32/S32 -> 37.664246 | Z32: =S32*X32 -> 8.894377 | AA32: =IF(N32<Z32,W32/(1-(1-N32/Z32)^3),W32)*10000 -> 0.00090295826 | AB32: =N32/T32 -> 8.4122087 | AC32: =T32*X32 -> 39.823073 | AD32: =IF(N32<AC32,W32/(1-(1-N32/AC32)^3),W32)*10000 -> 0.0024963241 | AE32: =2021-1950 -> 71 | AF32: {=_xlfn.IFS(N32<=AC32,W32*(3/(X32^3 - (X32-AB32)^3)),N32>AC32,W32*(3/X32^3))} -> 2.4899913e-12 | AG32: =(AF32/3)*(AE32^3)*10000 -> 0.0029706509 | AH32: =AD32-AG32 -> -0.00047432673 | AI32: =AG32*100/AD32 -> 119.00101
A33: Zhang et al., | B33: Microplastic pollution in water, sediment, and fish from artificial reefs around the Ma’an Archipelago, Shengsi, China - ScienceDirect | C33: 37.445559 | D33: 121.58031 | E33: Fibers | F33: 0.92565 | G33: -1.55 | H33: 500 | I33: 504.92569 | J33: =LOG(I33, 10) - (G33) * LOG(H33,10)^(G33+1) -> 3.6010133 | K33: =-1*10^J33*(G33+1) -> 2194.7044 | L33: =IF(E33="Fragments",0.000000097*K33*(5000^(4+G33)-1)/(4+G33),0.000106*K33*(5000^(2+G33)-1)/(2+G33)) -> 23.361461 | M33: 2017 | N33: 5 | O33: 51 | P33: 0 | Q33: 6 | R33: 0.61037441 | S33: 0.13261896 | T33: 0.60576958 | U33: 1000 | V33: =L33*R33*0.000000001 -> 1.4259238e-08 | W33: =V33*N33 -> 7.1296191e-08 | X33: =M33-1950 -> 67 | Y33: =N33/S33 -> 37.702 | Z33: =S33*X33 -> 8.8854702 | AA33: =IF(N33<Z33,W33/(1-(1-N33/Z33)^3),W33)*10000 -> 0.00077801656 | AB33: =N33/T33 -> 8.2539635 | AC33: =T33*X33 -> 40.586562 | AD33: =IF(N33<AC33,W33/(1-(1-N33/AC33)^3),W33)*10000 -> 0.0021875351 | AE33: =2021-1950 -> 71 | AF33: {=_xlfn.IFS(N33<=AC33,W33*(3/(X33^3 - (X33-AB33)^3)),N33>AC33,W33*(3/X33^3))} -> 2.1819856e-12 | AG33: =(AF33/3)*(AE33^3)*10000 -> 0.0026031888 | AH33: =AD33-AG33 -> -0.00041565371 | AI33: =AG33*100/AD33 -> 119.00101
A34: Zhang et al., | B34: Microplastic pollution in water, sediment, and fish from artificial reefs around the Ma’an Archipelago, Shengsi, China - ScienceDirect | C34: 36.451923 | D34: 121.58028 | E34: Fibers | F34: 0.74513 | G34: -1.55 | H34: 500 | I34: 150.07827 | J34: =LOG(I34, 10) - (G34) * LOG(H34,10)^(G34+1) -> 3.0741037 | K34: =-1*10^J34*(G34+1) -> 652.32854 | L34: =IF(E34="Fragments",0.000000097*K34*(5000^(4+G34)-1)/(4+G34),0.000106*K34*(5000^(2+G34)-1)/(2+G34)) -> 6.9436906 | M34: 2017 | N34: 5 | O34: 51 | P34: 0 | Q34: 8 | R34: 0.61037441 | S34: 0.13235348 | T34: 0.24053638 | U34: 30000 | V34: =L34*R34*0.000000001 -> 4.2382511e-09 | W34: =V34*N34 -> 2.1191255e-08 | X34: =M34-1950 -> 67 | Y34: =N34/S34 -> 37.777624 | Z34: =S34*X34 -> 8.8676833 | AA34: =IF(N34<Z34,W34/(1-(1-N34/Z34)^3),W34)*10000 -> 0.00023108579 | AB34: =N34/T34 -> 20.786877 | AC34: =T34*X34 -> 16.115937 | AD34: =IF(N34<AC34,W34/(1-(1-N34/AC34)^3),W34)*10000 -> 0.00031541616 | AE34: =2021-1950 -> 71 | AF34: {=_xlfn.IFS(N34<=AC34,W34*(3/(X34^3 - (X34-AB34)^3)),N34>AC34,W34*(3/X34^3))} -> 3.1461599e-13 | AG34: =(AF34/3)*(AE34^3)*10000 -> 0.00037534841 | AH34: =AD34-AG34 -> -5.9932249e-05 | AI34: =AG34*100/AD34 -> 119.00101
A35: Zhang et al., | B35: Microplastic pollution in water, sediment, and fish from artificial reefs around the Ma’an Archipelago, Shengsi, China - ScienceDirect | C35: 37.575793 | D35: 121.43074 | E35: Fibers | F35: 0.93127 | G35: -1.55 | H35: 500 | I35: 200.02529 | J35: =LOG(I35, 10) - (G35) * LOG(H35,10)^(G35+1) -> 3.1988708 | K35: =-1*10^J35*(G35+1) -> 869.42771 | L35: =IF(E35="Fragments",0.000000097*K35*(5000^(4+G35)-1)/(4+G35),0.000106*K35*(5000^(2+G35)-1)/(2+G35)) -> 9.2545959 | M35: 2017 | N35: 5 | O35: 51 | P35: 2172.6144 | Q35: 8 | R35: 0.61037441 | S35: 0.13235348 | T35: 0.65968545 | U35: 2000 | V35: =L35*R35*0.000000001 -> 5.6487685e-09 | W35: =V35*N35 -> 2.8243842e-08 | X35: =M35-1950 -> 67 | Y35: =N35/S35 -> 37.777624 | Z35: =S35*X35 -> 8.8676833 | AA35: =IF(N35<Z35,W35/(1-(1-N35/Z35)^3),W35)*10000 -> 0.00030799264 | AB35: =N35/T35 -> 7.5793698 | AC35: =T35*X35 -> 44.198925 | AD35: =IF(N35<AC35,W35/(1-(1-N35/AC35)^3),W35)*10000 -> 0.00093389465 | AE35: =2021-1950 -> 71 | AF35: {=_xlfn.IFS(N35<=AC35,W35*(3/(X35^3 - (X35-AB35)^3)),N35>AC35,W35*(3/X35^3))} -> 9.3152547e-13 | AG35: =(AF35/3)*(AE35^3)*10000 -> 0.001111344 | AH35: =AD35-AG35 -> -0.00017744939 | AI35: =AG35*100/AD35 -> 119.00101
A36: Zhang et al., | B36: Microplastic pollution in water, sediment, and fish from artificial reefs around the Ma’an Archipelago, Shengsi, China - ScienceDirect | C36: 37.464279 | D36: 121.86288 | E36: Fibers | F36: 0.96273 | G36: -1.55 | H36: 500 | I36: 398.22537 | J36: =LOG(I36, 10) - (G36) * LOG(H36,10)^(G36+1) -> 3.4979148 | K36: =-1*10^J36*(G36+1) -> 1730.9219 | L36: =IF(E36="Fragments",0.000000097*K36*(5000^(4+G36)-1)/(4+G36),0.000106*K36*(5000^(2+G36)-1)/(2+G36)) -> 18.424744 | M36: 2017 | N36: 5 | O36: 51 | P36: 0 | Q36: 12 | R36: 0.61037441 | S36: 0.13182412 | T36: 0.58225569 | U36: land | V36: =L36*R36*0.000000001 -> 1.1245992e-08 | W36: =V36*N36 -> 5.6229961e-08 | X36: =M36-1950 -> 67 | Y36: =N36/S36 -> 37.929325 | Z36: =S36*X36 -> 8.8322162 | AA36: =IF(N36<Z36,W36/(1-(1-N36/Z36)^3),W36)*10000 -> 0.00061231653 | AB36: =N36/T36 -> 8.5872926 | AC36: =T36*X36 -> 39.011131 | AD36: =IF(N36<AC36,W36/(1-(1-N36/AC36)^3),W36)*10000 -> 0.0016669147 | AE36: =2021-1950 -> 71 | AF36: {=_xlfn.IFS(N36<=AC36,W36*(3/(X36^3 - (X36-AB36)^3)),N36>AC36,W36*(3/X36^3))} -> 1.662686e-12 | AG36: =(AF36/3)*(AE36^3)*10000 -> 0.0019836453 | AH36: =AD36-AG36 -> -0.00031673059 | AI36: =AG36*100/AD36 -> 119.00101
A37: Zhang et al., | B37: Microplastic pollution in water, sediment, and fish from artificial reefs around the Ma’an Archipelago, Shengsi, China - ScienceDirect | C37: 37.484386 | D37: 121.96035 | E37: Fibers | F37: 0.8951 | G37: -1.55 | H37: 500 | I37: 255.42654 | J37: =LOG(I37, 10) - (G37) * LOG(H37,10)^(G37+1) -> 3.3050519 | K37: =-1*10^J37*(G37+1) -> 1110.2342 | L37: =IF(E37="Fragments",0.000000097*K37*(5000^(4+G37)-1)/(4+G37),0.000106*K37*(5000^(2+G37)-1)/(2+G37)) -> 11.817852 | M37: 2017 | N37: 5 | O37: 51 | P37: 788.57856 | Q37: 17 | R37: 0.61037441 | S37: 0.1311654 | T37: 0.57695589 | U37: land | V37: =L37*R37*0.000000001 -> 7.2133147e-09 | W37: =V37*N37 -> 3.6066573e-08 | X37: =M37-1950 -> 67 | Y37: =N37/S37 -> 38.119809 | Z37: =S37*X37 -> 8.7880818 | AA37: =IF(N37<Z37,W37/(1-(1-N37/Z37)^3),W37)*10000 -> 0.00039206613 | AB37: =N37/T37 -> 8.6661738 | AC37: =T37*X37 -> 38.656045 | AD37: =IF(N37<AC37,W37/(1-(1-N37/AC37)^3),W37)*10000 -> 0.0010607486 | AE37: =2021-1950 -> 71 | AF37: {=_xlfn.IFS(N37<=AC37,W37*(3/(X37^3 - (X37-AB37)^3)),N37>AC37,W37*(3/X37^3))} -> 1.0580576e-12 | AG37: =(AF37/3)*(AE37^3)*10000 -> 0.0012623015 | AH37: =AD37-AG37 -> -0.00020155292 | AI37: =AG37*100/AD37 -> 119.00101
A38: Zhang et al., | B38: Microplastic pollution in water, sediment, and fish from artificial reefs around the Ma’an Archipelago, Shengsi, China - ScienceDirect | C38: 37.565966 | D38: 121.39384 | E38: Fibers | F38: 0.52589 | G38: -1.55 | H38: 500 | I38: 541.98565 | J38: =LOG(I38, 10) - (G38) * LOG(H38,10)^(G38+1) -> 3.6317737 | K38: =-1*10^J38*(G38+1) -> 2355.7888 | L38: =IF(E38="Fragments",0.000000097*K38*(5000^(4+G38)-1)/(4+G38),0.000106*K38*(5000^(2+G38)-1)/(2+G38)) -> 25.076119 | M38: 2017 | N38: 5 | O38: 51 | P38: 885.1392 | Q38: 6 | R38: 0.61037441 | S38: 0.13261896 | T38: 0.4656124 | U38: 1000 | V38: =L38*R38*0.000000001 -> 1.5305822e-08 | W38: =V38*N38 -> 7.6529108e-08 | X38: =M38-1950 -> 67 | Y38: =N38/S38 -> 37.702 | Z38: =S38*X38 -> 8.8854702 | AA38: =IF(N38<Z38,W38/(1-(1-N38/Z38)^3),W38)*10000 -> 0.00083512053 | AB38: =N38/T38 -> 10.738546 | AC38: =T38*X38 -> 31.196031 | AD38: =IF(N38<AC38,W38/(1-(1-N38/AC38)^3),W38)*10000 -> 0.0018762573 | AE38: =2021-1950 -> 71 | AF38: {=_xlfn.IFS(N38<=AC38,W38*(3/(X38^3 - (X38-AB38)^3)),N38>AC38,W38*(3/X38^3))} -> 1.8714974e-12 | AG38: =(AF38/3)*(AE38^3)*10000 -> 0.0022327651 | AH38: =AD38-AG38 -> -0.00035650779 | AI38: =AG38*100/AD38 -> 119.00101
A39: Zhang et al., | B39: Microplastic pollution in water, sediment, and fish from artificial reefs around the Ma’an Archipelago, Shengsi, China - ScienceDirect | C39: 37.47262 | D39: 121.53774 | E39: Fibers | F39: 0.89518 | G39: -1.55 | H39: 500 | I39: 156.54729 | J39: =LOG(I39, 10) - (G39) * LOG(H39,10)^(G39+1) -> 3.0924314 | K39: =-1*10^J39*(G39+1) -> 680.44669 | L39: =IF(E39="Fragments",0.000000097*K39*(5000^(4+G39)-1)/(4+G39),0.000106*K39*(5000^(2+G39)-1)/(2+G39)) -> 7.2429934 | M39: 2017 | N39: 5 | O39: 51 | P39: 2011.68 | Q39: 8 | R39: 0.61037441 | S39: 0.13235348 | T39: 0.60576958 | U39: 2000 | V39: =L39*R39*0.000000001 -> 4.4209378e-09 | W39: =V39*N39 -> 2.2104689e-08 | X39: =M39-1950 -> 67 | Y39: =N39/S39 -> 37.777624 | Z39: =S39*X39 -> 8.8676833 | AA39: =IF(N39<Z39,W39/(1-(1-N39/Z39)^3),W39)*10000 -> 0.00024104657 | AB39: =N39/T39 -> 8.2539635 | AC39: =T39*X39 -> 40.586562 | AD39: =IF(N39<AC39,W39/(1-(1-N39/AC39)^3),W39)*10000 -> 0.00067822394 | AE39: =2021-1950 -> 71 | AF39: {=_xlfn.IFS(N39<=AC39,W39*(3/(X39^3 - (X39-AB39)^3)),N39>AC39,W39*(3/X39^3))} -> 6.7650336e-13 | AG39: =(AF39/3)*(AE39^3)*10000 -> 0.00080709332 | AH39: =AD39-AG39 -> -0.00012886938 | AI39: =AG39*100/AD39 -> 119.00101
A40: Zhang et al., | B40: Microplastic pollution in water, sediment, and fish from artificial reefs around the Ma’an Archipelago, Shengsi, China - ScienceDirect | C40: 37.474304 | D40: 121.48737 | E40: Fibers | F40: 0.9443 | G40: -1.55 | H40: 500 | I40: 127.6542 | J40: =LOG(I40, 10) - (G40) * LOG(H40,10)^(G40+1) -> 3.003821 | K40: =-1*10^J40*(G40+1) -> 554.86034 | L40: =IF(E40="Fragments",0.000000097*K40*(5000^(4+G40)-1)/(4+G40),0.000106*K40*(5000^(2+G40)-1)/(2+G40)) -> 5.9061934 | M40: 2017 | N40: 5 | O40: 51 | P40: 1223.1014 | Q40: 10 | R40: 0.61037441 | S40: 0.13208854 | T40: 0.97007351 | U40: land | V40: =L40*R40*0.000000001 -> 3.6049893e-09 | W40: =V40*N40 -> 1.8024946e-08 | X40: =M40-1950 -> 67 | Y40: =N40/S40 -> 37.853398 | Z40: =S40*X40 -> 8.849932 | AA40: =IF(N40<Z40,W40/(1-(1-N40/Z40)^3),W40)*10000 -> 0.00019642003 | AB40: =N40/T40 -> 5.1542486 | AC40: =T40*X40 -> 64.994925 | AD40: =IF(N40<AC40,W40/(1-(1-N40/AC40)^3),W40)*10000 -> 0.00084430617 | AE40: =2021-1950 -> 71 | AF40: {=_xlfn.IFS(N40<=AC40,W40*(3/(X40^3 - (X40-AB40)^3)),N40>AC40,W40*(3/X40^3))} -> 8.4216427e-13 | AG40: =(AF40/3)*(AE40^3)*10000 -> 0.0010047329 | AH40: =AD40-AG40 -> -0.00016042668 | AI40: =AG40*100/AD40 -> 119.00101
A41: Zhang et al., | B41: Microplastic pollution in water, sediment, and fish from artificial reefs around the Ma’an Archipelago, Shengsi, China - ScienceDirect | C41: 37.504139 | D41: 121.51572 | E41: Fibers | F41: 0.9443 | G41: -1.55 | H41: 500 | I41: 119.60768 | J41: =LOG(I41, 10) - (G41) * LOG(H41,10)^(G41+1) -> 2.9755449 | K41: =-1*10^J41*(G41+1) -> 519.88542 | L41: =IF(E41="Fragments",0.000000097*K41*(5000^(4+G41)-1)/(4+G41),0.000106*K41*(5000^(2+G41)-1)/(2+G41)) -> 5.5339039 | M41: 2017 | N41: 5 | O41: 51 | P41: 5214.2746 | Q41: 10 | R41: 0.61037441 | S41: 0.13208854 | T41: 0.62919024 | U41: 4000 | V41: =L41*R41*0.000000001 -> 3.3777533e-09 | W41: =V41*N41 -> 1.6888767e-08 | X41: =M41-1950 -> 67 | Y41: =N41/S41 -> 37.853398 | Z41: =S41*X41 -> 8.849932 | AA41: =IF(N41<Z41,W41/(1-(1-N41/Z41)^3),W41)*10000 -> 0.00018403894 | AB41: =N41/T41 -> 7.9467221 | AC41: =T41*X41 -> 42.155746 | AD41: =IF(N41<AC41,W41/(1-(1-N41/AC41)^3),W41)*10000 -> 0.00053566071 | AE41: =2021-1950 -> 71 | AF41: {=_xlfn.IFS(N41<=AC41,W41*(3/(X41^3 - (X41-AB41)^3)),N41>AC41,W41*(3/X41^3))} -> 5.3430181e-13 | AG41: =(AF41/3)*(AE41^3)*10000 -> 0.00063744165 | AH41: =AD41-AG41 -> -0.00010178093 | AI41: =AG41*100/AD41 -> 119.00101
A42: Zhang et al., | B42: Microplastic pollution in water, sediment, and fish from artificial reefs around the Ma’an Archipelago, Shengsi, China - ScienceDirect | C42: 37.48608 | D42: 121.62541 | E42: Fibers | F42: 0.94286 | G42: -1.55 | H42: 500 | I42: 305.50795 | J42: =LOG(I42, 10) - (G42) * LOG(H42,10)^(G42+1) -> 3.3828084 | K42: =-1*10^J42*(G42+1) -> 1327.9174 | L42: =IF(E42="Fragments",0.000000097*K42*(5000^(4+G42)-1)/(4+G42),0.000106*K42*(5000^(2+G42)-1)/(2+G42)) -> 14.134975 | M42: 2017 | N42: 5 | O42: 51 | P42: 949.51296 | Q42: 12 | R42: 0.61037441 | S42: 0.13182412 | T42: 0.60023343 | U42: 2000 | V42: =L42*R42*0.000000001 -> 8.6276272e-09 | W42: =V42*N42 -> 4.3138136e-08 | X42: =M42-1950 -> 67 | Y42: =N42/S42 -> 37.929325 | Z42: =S42*X42 -> 8.8322162 | AA42: =IF(N42<Z42,W42/(1-(1-N42/Z42)^3),W42)*10000 -> 0.00046975301 | AB42: =N42/T42 -> 8.3300925 | AC42: =T42*X42 -> 40.21564 | AD42: =IF(N42<AC42,W42/(1-(1-N42/AC42)^3),W42)*10000 -> 0.0013130356 | AE42: =2021-1950 -> 71 | AF42: {=_xlfn.IFS(N42<=AC42,W42*(3/(X42^3 - (X42-AB42)^3)),N42>AC42,W42*(3/X42^3))} -> 1.3097046e-12 | AG42: =(AF42/3)*(AE42^3)*10000 -> 0.0015625256 | AH42: =AD42-AG42 -> -0.00024948999 | AI42: =AG42*100/AD42 -> 119.00101
A43: Zhang et al., | B43: Microplastic pollution in water, sediment, and fish from artificial reefs around the Ma’an Archipelago, Shengsi, China - ScienceDirect | C43: 37.513882 | D43: 121.77801 | E43: Fibers | F43: 0.91679 | G43: -1.55 | H43: 500 | I43: 162.17694 | J43: =LOG(I43, 10) - (G43) * LOG(H43,10)^(G43+1) -> 3.107775 | K43: =-1*10^J43*(G43+1) -> 704.91649 | L43: =IF(E43="Fragments",0.000000097*K43*(5000^(4+G43)-1)/(4+G43),0.000106*K43*(5000^(2+G43)-1)/(2+G43)) -> 7.5034613 | M43: 2017 | N43: 5 | O43: 51 | P43: 6179.881 | Q43: 12 | R43: 0.61037441 | S43: 0.13182412 | T43: 0.54856975 | U43: 5000 | V43: =L43*R43*0.000000001 -> 4.5799208e-09 | W43: =V43*N43 -> 2.2899604e-08 | X43: =M43-1950 -> 67 | Y43: =N43/S43 -> 37.929325 | Z43: =S43*X43 -> 8.8322162 | AA43: =IF(N43<Z43,W43/(1-(1-N43/Z43)^3),W43)*10000 -> 0.00024936538 | AB43: =N43/T43 -> 9.1146112 | AC43: =T43*X43 -> 36.754173 | AD43: =IF(N43<AC43,W43/(1-(1-N43/AC43)^3),W43)*10000 -> 0.00064485085 | AE43: =2021-1950 -> 71 | AF43: {=_xlfn.IFS(N43<=AC43,W43*(3/(X43^3 - (X43-AB43)^3)),N43>AC43,W43*(3/X43^3))} -> 6.4321494e-13 | AG43: =(AF43/3)*(AE43^3)*10000 -> 0.00076737901 | AH43: =AD43-AG43 -> -0.00012252816 | AI43: =AG43*100/AD43 -> 119.00101
A44: Zhang et al., | B44: Microplastic pollution in water, sediment, and fish from artificial reefs around the Ma’an Archipelago, Shengsi, China - ScienceDirect | C44: 37.530494 | D44: 121.70903 | E44: Fibers | F44: 0.91679 | G44: -1.55 | H44: 500 | I44: 292.48374 | J44: =LOG(I44, 10) - (G44) * LOG(H44,10)^(G44+1) -> 3.3638876 | K44: =-1*10^J44*(G44+1) -> 1271.3066 | L44: =IF(E44="Fragments",0.000000097*K44*(5000^(4+G44)-1)/(4+G44),0.000106*K44*(5000^(2+G44)-1)/(2+G44)) -> 13.532383 | M44: 2017 | N44: 5 | O44: 51 | P44: 7306.4218 | Q44: 12 | R44: 0.61037441 | S44: 0.13182412 | T44: 0.58311005 | U44: 7000 | V44: =L44*R44*0.000000001 -> 8.2598201e-09 | W44: =V44*N44 -> 4.12991e-08 | X44: =M44-1950 -> 67 | Y44: =N44/S44 -> 37.929325 | Z44: =S44*X44 -> 8.8322162 | AA44: =IF(N44<Z44,W44/(1-(1-N44/Z44)^3),W44)*10000 -> 0.00044972682 | AB44: =N44/T44 -> 8.5747107 | AC44: =T44*X44 -> 39.068373 | AD44: =IF(N44<AC44,W44/(1-(1-N44/AC44)^3),W44)*10000 -> 0.0012258518 | AE44: =2021-1950 -> 71 | AF44: {=_xlfn.IFS(N44<=AC44,W44*(3/(X44^3 - (X44-AB44)^3)),N44>AC44,W44*(3/X44^3))} -> 1.2227419e-12 | AG44: =(AF44/3)*(AE44^3)*10000 -> 0.001458776 | AH44: =AD44-AG44 -> -0.00023292419 | AI44: =AG44*100/AD44 -> 119.00101
A45: Zhang et al., | B45: Microplastic pollution in water, sediment, and fish from artificial reefs around the Ma’an Archipelago, Shengsi, China - ScienceDirect | C45: 37.544574 | D45: 121.63165 | E45: Fibers | F45: 0.90242 | G45: -1.55 | H45: 500 | I45: 140.04227 | J45: =LOG(I45, 10) - (G45) * LOG(H45,10)^(G45+1) -> 3.044045 | K45: =-1*10^J45*(G45+1) -> 608.70618 | L45: =IF(E45="Fragments",0.000000097*K45*(5000^(4+G45)-1)/(4+G45),0.000106*K45*(5000^(2+G45)-1)/(2+G45)) -> 6.4793537 | M45: 2017 | N45: 5 | O45: 51 | P45: 6308.6285 | Q45: 12 | R45: 0.61037441 | S45: 0.13182412 | T45: 0.61228545 | U45: 6000 | V45: =L45*R45*0.000000001 -> 3.9548317e-09 | W45: =V45*N45 -> 1.9774159e-08 | X45: =M45-1950 -> 67 | Y45: =N45/S45 -> 37.929325 | Z45: =S45*X45 -> 8.8322162 | AA45: =IF(N45<Z45,W45/(1-(1-N45/Z45)^3),W45)*10000 -> 0.00021533083 | AB45: =N45/T45 -> 8.1661258 | AC45: =T45*X45 -> 41.023125 | AD45: =IF(N45<AC45,W45/(1-(1-N45/AC45)^3),W45)*10000 -> 0.00061240779 | AE45: =2021-1950 -> 71 | AF45: {=_xlfn.IFS(N45<=AC45,W45*(3/(X45^3 - (X45-AB45)^3)),N45>AC45,W45*(3/X45^3))} -> 6.1085419e-13 | AG45: =(AF45/3)*(AE45^3)*10000 -> 0.00072877144 | AH45: =AD45-AG45 -> -0.00011636365 | AI45: =AG45*100/AD45 -> 119.00101
A46: Zhang et al., | B46: Microplastic pollution in water, sediment, and fish from artificial reefs around the Ma’an Archipelago, Shengsi, China - ScienceDirect | C46: 37.562749 | D46: 121.55319 | E46: Fibers | F46: 0.95103 | G46: -1.55 | H46: 500 | I46: 71.792446 | J46: =LOG(I46, 10) - (G46) * LOG(H46,10)^(G46+1) -> 2.7538646 | K46: =-1*10^J46*(G46+1) -> 312.05225 | L46: =IF(E46="Fragments",0.000000097*K46*(5000^(4+G46)-1)/(4+G46),0.000106*K46*(5000^(2+G46)-1)/(2+G46)) -> 3.3216303 | M46: 2017 | N46: 5 | O46: 51 | P46: 2671.511 | Q46: 12 | R46: 0.61037441 | S46: 0.13182412 | T46: 0.62919024 | U46: 4000 | V46: =L46*R46*0.000000001 -> 2.0274381e-09 | W46: =V46*N46 -> 1.0137191e-08 | X46: =M46-1950 -> 67 | Y46: =N46/S46 -> 37.929325 | Z46: =S46*X46 -> 8.8322162 | AA46: =IF(N46<Z46,W46/(1-(1-N46/Z46)^3),W46)*10000 -> 0.000110389 | AB46: =N46/T46 -> 7.9467221 | AC46: =T46*X46 -> 42.155746 | AD46: =IF(N46<AC46,W46/(1-(1-N46/AC46)^3),W46)*10000 -> 0.0003215211 | AE46: =2021-1950 -> 71 | AF46: {=_xlfn.IFS(N46<=AC46,W46*(3/(X46^3 - (X46-AB46)^3)),N46>AC46,W46*(3/X46^3))} -> 3.2070544e-13 | AG46: =(AF46/3)*(AE46^3)*10000 -> 0.00038261334 | AH46: =AD46-AG46 -> -6.1092248e-05 | AI46: =AG46*100/AD46 -> 119.00101
A47: Zhang et al., | B47: Microplastic pollution in water, sediment, and fish from artificial reefs around the Ma’an Archipelago, Shengsi, China - ScienceDirect | C47: 37.603489 | D47: 121.46861 | E47: Fibers | F47: 0.91577 | G47: -1.55 | H47: 500 | I47: 119.08453 | J47: =LOG(I47, 10) - (G47) * LOG(H47,10)^(G47+1) -> 2.9736412 | K47: =-1*10^J47*(G47+1) -> 517.6115 | L47: =IF(E47="Fragments",0.000000097*K47*(5000^(4+G47)-1)/(4+G47),0.000106*K47*(5000^(2+G47)-1)/(2+G47)) -> 5.5096993 | M47: 2017 | N47: 5 | O47: 51 | P47: 3154.3142 | Q47: 12 | R47: 0.61037441 | S47: 0.13182412 | T47: 0.70191358 | U47: 3000 | V47: =L47*R47*0.000000001 -> 3.3629795e-09 | W47: =V47*N47 -> 1.6814897e-08 | X47: =M47-1950 -> 67 | Y47: =N47/S47 -> 37.929325 | Z47: =S47*X47 -> 8.8322162 | AA47: =IF(N47<Z47,W47/(1-(1-N47/Z47)^3),W47)*10000 -> 0.00018310593 | AB47: =N47/T47 -> 7.1233841 | AC47: =T47*X47 -> 47.02821 | AD47: =IF(N47<AC47,W47/(1-(1-N47/AC47)^3),W47)*10000 -> 0.00058742408 | AE47: =2021-1950 -> 71 | AF47: {=_xlfn.IFS(N47<=AC47,W47*(3/(X47^3 - (X47-AB47)^3)),N47>AC47,W47*(3/X47^3))} -> 5.8593386e-13 | AG47: =(AF47/3)*(AE47^3)*10000 -> 0.00069904057 | AH47: =AD47-AG47 -> -0.00011161649 | AI47: =AG47*100/AD47 -> 119.00101
A48: Zhang et al., | B48: Microplastic pollution in water, sediment, and fish from artificial reefs around the Ma’an Archipelago, Shengsi, China - ScienceDirect | C48: 37.512934 | D48: 121.88046 | E48: Fibers | F48: 0.91011 | G48: -1.55 | H48: 500 | I48: 417.33931 | J48: =LOG(I48, 10) - (G48) * LOG(H48,10)^(G48+1) -> 3.5182752 | K48: =-1*10^J48*(G48+1) -> 1814.0024 | L48: =IF(E48="Fragments",0.000000097*K48*(5000^(4+G48)-1)/(4+G48),0.000106*K48*(5000^(2+G48)-1)/(2+G48)) -> 19.309091 | M48: 2017 | N48: 5 | O48: 51 | P48: 5069.4336 | Q48: 13 | R48: 0.61037441 | S48: 0.13169211 | T48: 0.51236009 | U48: 4000 | V48: =L48*R48*0.000000001 -> 1.1785775e-08 | W48: =V48*N48 -> 5.8928876e-08 | X48: =M48-1950 -> 67 | Y48: =N48/S48 -> 37.967345 | Z48: =S48*X48 -> 8.8233717 | AA48: =IF(N48<Z48,W48/(1-(1-N48/Z48)^3),W48)*10000 -> 0.00064148279 | AB48: =N48/T48 -> 9.7587616 | AC48: =T48*X48 -> 34.328126 | AD48: =IF(N48<AC48,W48/(1-(1-N48/AC48)^3),W48)*10000 -> 0.0015655712 | AE48: =2021-1950 -> 71 | AF48: {=_xlfn.IFS(N48<=AC48,W48*(3/(X48^3 - (X48-AB48)^3)),N48>AC48,W48*(3/X48^3))} -> 1.5615995e-12 | AG48: =(AF48/3)*(AE48^3)*10000 -> 0.0018630455 | AH48: =AD48-AG48 -> -0.0002974743 | AI48: =AG48*100/AD48 -> 119.00101
A49: Zhang et al., | B49: Microplastic pollution in water, sediment, and fish from artificial reefs around the Ma’an Archipelago, Shengsi, China - ScienceDirect | C49: 37.51439 | D49: 121.51803 | E49: Fibers | F49: 0.96753 | G49: -1.55 | H49: 500 | I49: 112.1882 | J49: =LOG(I49, 10) - (G49) * LOG(H49,10)^(G49+1) -> 2.947733 | K49: =-1*10^J49*(G49+1) -> 487.63598 | L49: =IF(E49="Fragments",0.000000097*K49*(5000^(4+G49)-1)/(4+G49),0.000106*K49*(5000^(2+G49)-1)/(2+G49)) -> 5.1906258 | M49: 2017 | N49: 5 | O49: 51 | P49: 5455.6762 | Q49: 15 | R49: 0.61037441 | S49: 0.13142849 | T49: 0.62919024 | U49: 4000 | V49: =L49*R49*0.000000001 -> 3.1682251e-09 | W49: =V49*N49 -> 1.5841126e-08 | X49: =M49-1950 -> 67 | Y49: =N49/S49 -> 38.043501 | Z49: =S49*X49 -> 8.8057091 | AA49: =IF(N49<Z49,W49/(1-(1-N49/Z49)^3),W49)*10000 -> 0.00017232214 | AB49: =N49/T49 -> 7.9467221 | AC49: =T49*X49 -> 42.155746 | AD49: =IF(N49<AC49,W49/(1-(1-N49/AC49)^3),W49)*10000 -> 0.0005024327 | AE49: =2021-1950 -> 71 | AF49: {=_xlfn.IFS(N49<=AC49,W49*(3/(X49^3 - (X49-AB49)^3)),N49>AC49,W49*(3/X49^3))} -> 5.0115809e-13 | AG49: =(AF49/3)*(AE49^3)*10000 -> 0.00059789998 | AH49: =AD49-AG49 -> -9.5467276e-05 | AI49: =AG49*100/AD49 -> 119.00101
A50: Zhang et al., | B50: Microplastic pollution in water, sediment, and fish from artificial reefs around the Ma’an Archipelago, Shengsi, China - ScienceDirect | C50: 37.572402 | D50: 121.54762 | E50: Fibers | F50: 0.94499 | G50: -1.55 | H50: 500 | I50: 380.05381 | J50: =LOG(I50, 10) - (G50) * LOG(H50,10)^(G50+1) -> 3.477631 | K50: =-1*10^J50*(G50+1) -> 1651.9376 | L50: =IF(E50="Fragments",0.000000097*K50*(5000^(4+G50)-1)/(4+G50),0.000106*K50*(5000^(2+G50)-1)/(2+G50)) -> 17.583998 | M50: 2017 | N50: 5 | O50: 51 | P50: 2011.68 | Q50: 15 | R50: 0.61037441 | S50: 0.13142849 | T50: 0.62919024 | U50: 4000 | V50: =L50*R50*0.000000001 -> 1.0732822e-08 | W50: =V50*N50 -> 5.3664112e-08 | X50: =M50-1950 -> 67 | Y50: =N50/S50 -> 38.043501 | Z50: =S50*X50 -> 8.8057091 | AA50: =IF(N50<Z50,W50/(1-(1-N50/Z50)^3),W50)*10000 -> 0.00058376628 | AB50: =N50/T50 -> 7.9467221 | AC50: =T50*X50 -> 42.155746 | AD50: =IF(N50<AC50,W50/(1-(1-N50/AC50)^3),W50)*10000 -> 0.0017020637 | AE50: =2021-1950 -> 71 | AF50: {=_xlfn.IFS(N50<=AC50,W50*(3/(X50^3 - (X50-AB50)^3)),N50>AC50,W50*(3/X50^3))} -> 1.6977458e-12 | AG50: =(AF50/3)*(AE50^3)*10000 -> 0.002025473 | AH50: =AD50-AG50 -> -0.00032340925 | AI50: =AG50*100/AD50 -> 119.00101
A51: Zhang et al., | B51: Microplastic pollution in water, sediment, and fish from artificial reefs around the Ma’an Archipelago, Shengsi, China - ScienceDirect | C51: 37.504578 | D51: 121.95051 | E51: Fibers | F51: 0.80206 | G51: -1.55 | H51: 500 | I51: 151.96635 | J51: =LOG(I51, 10) - (G51) * LOG(H51,10)^(G51+1) -> 3.0795333 | K51: =-1*10^J51*(G51+1) -> 660.53523 | L51: =IF(E51="Fragments",0.000000097*K51*(5000^(4+G51)-1)/(4+G51),0.000106*K51*(5000^(2+G51)-1)/(2+G51)) -> 7.0310464 | M51: 2017 | N51: 5 | O51: 51 | P51: 3138.2208 | Q51: 19 | R51: 0.61037441 | S51: 0.13090283 | T51: 0.46995811 | U51: 2000 | V51: =L51*R51*0.000000001 -> 4.2915708e-09 | W51: =V51*N51 -> 2.1457854e-08 | X51: =M51-1950 -> 67 | Y51: =N51/S51 -> 38.19627 | Z51: =S51*X51 -> 8.7704899 | AA51: =IF(N51<Z51,W51/(1-(1-N51/Z51)^3),W51)*10000 -> 0.00023309948 | AB51: =N51/T51 -> 10.639246 | AC51: =T51*X51 -> 31.487193 | AD51: =IF(N51<AC51,W51/(1-(1-N51/AC51)^3),W51)*10000 -> 0.0005301626 | AE51: =2021-1950 -> 71 | AF51: {=_xlfn.IFS(N51<=AC51,W51*(3/(X51^3 - (X51-AB51)^3)),N51>AC51,W51*(3/X51^3))} -> 5.2881764e-13 | AG51: =(AF51/3)*(AE51^3)*10000 -> 0.00063089884 | AH51: =AD51-AG51 -> -0.00010073624 | AI51: =AG51*100/AD51 -> 119.00101
A52: Zhang et al., | B52: Microplastic pollution in water, sediment, and fish from artificial reefs around the Ma’an Archipelago, Shengsi, China - ScienceDirect | C52: 37.610947 | D52: 121.71066 | E52: Fibers | F52: 0.93504 | G52: -1.55 | H52: 500 | I52: 322.88619 | J52: =LOG(I52, 10) - (G52) * LOG(H52,10)^(G52+1) -> 3.4068353 | K52: =-1*10^J52*(G52+1) -> 1403.4535 | L52: =IF(E52="Fragments",0.000000097*K52*(5000^(4+G52)-1)/(4+G52),0.000106*K52*(5000^(2+G52)-1)/(2+G52)) -> 14.939017 | M52: 2017 | N52: 5 | O52: 51 | P52: 16962.486 | Q52: 20 | R52: 0.61037441 | S52: 0.13077175 | T52: 0.6043171 | U52: 15000 | V52: =L52*R52*0.000000001 -> 9.1183934e-09 | W52: =V52*N52 -> 4.5591967e-08 | X52: =M52-1950 -> 67 | Y52: =N52/S52 -> 38.234558 | Z52: =S52*X52 -> 8.7617071 | AA52: =IF(N52<Z52,W52/(1-(1-N52/Z52)^3),W52)*10000 -> 0.00049510133 | AB52: =N52/T52 -> 8.2738019 | AC52: =T52*X52 -> 40.489246 | AD52: =IF(N52<AC52,W52/(1-(1-N52/AC52)^3),W52)*10000 -> 0.001395945 | AE52: =2021-1950 -> 71 | AF52: {=_xlfn.IFS(N52<=AC52,W52*(3/(X52^3 - (X52-AB52)^3)),N52>AC52,W52*(3/X52^3))} -> 1.3924037e-12 | AG52: =(AF52/3)*(AE52^3)*10000 -> 0.0016611886 | AH52: =AD52-AG52 -> -0.00026524361 | AI52: =AG52*100/AD52 -> 119.00101
... A58: Zhang et al., | B58: Microplastic pollution in water, sediment, and fish from artificial reefs around the Ma’an Archipelago, Shengsi, China - ScienceDirect | C58: 37.606702 | D58: 122.07979 | E58: Fibers | F58: 0.9416 | G58: -1.55 | H58: 500 | I58: 118.42414 | J58: =LOG(I58, 10) - (G58) * LOG(H58,10)^(G58+1) -> 2.9712261 | K58: =-1*10^J58*(G58+1) -> 514.74103 | L58: =IF(E58="Fragments",0.000000097*K58*(5000^(4+G58)-1)/(4+G58),0.000106*K58*(5000^(2+G58)-1)/(2+G58)) -> 5.4791447 | M58: 2017 | N58: 5 | O58: 51 | P58: 4007.2666 | Q58: 24 | R58: 0.61037441 | S58: 0.13024872 | T58: 0.46702622 | U58: 5000 | V58: =L58*R58*0.000000001 -> 3.3443297e-09 | W58: =V58*N58 -> 1.6721649e-08 | X58: =M58-1950 -> 67 | Y58: =N58/S58 -> 38.388094 | Z58: =S58*X58 -> 8.726664 | AA58: =IF(N58<Z58,W58/(1-(1-N58/Z58)^3),W58)*10000 -> 0.00018133883 | AB58: =N58/T58 -> 10.706037 | AC58: =T58*X58 -> 31.290757 | AD58: =IF(N58<AC58,W58/(1-(1-N58/AC58)^3),W58)*10000 -> 0.000410998 | AE58: =2021-1950 -> 71 | AF58: {=_xlfn.IFS(N58<=AC58,W58*(3/(X58^3 - (X58-AB58)^3)),N58>AC58,W58*(3/X58^3))} -> 4.0995535e-13 | AG58: =(AF58/3)*(AE58^3)*10000 -> 0.00048909176 | AH58: =AD58-AG58 -> -7.8093761e-05 | AI58: =AG58*100/AD58 -> 119.00101
A59: Zheng et al., | B59: Distribution characteristics of microplastics in the seawater and sediment: A case study in Jiaozhou Bay, China - ScienceDirect | C59: 36.030483 | D59: 120.25017 | E59: Fibers | F59: 94% fibers | G59: -1.55 | H59: 500 | I59: 8.93856 | J59: =LOG(I59, 10) - (G59) * LOG(H59,10)^(G59+1) -> 1.8490534 | K59: =-1*10^J59*(G59+1) -> 38.852245 | L59: =IF(E59="Fragments",0.000000097*K59*(5000^(4+G59)-1)/(4+G59),0.000106*K59*(5000^(2+G59)-1)/(2+G59)) -> 0.4135615 | M59: 2017 | N59: 20 | O59: 69 | P59: 1689.8112 | Q59: 14 | R59: 0.61037441 | S59: 0.13156024 | T59: 0.66455834 | U59: 2000 | V59: =L59*R59*0.000000001 -> 2.5242735e-10 | W59: =V59*N59 -> 5.0485471e-09 | X59: =M59-1950 -> 67 | Y59: =N59/S59 -> 152.02162 | Z59: =S59*X59 -> 8.8145359 | AA59: =IF(N59<Z59,W59/(1-(1-N59/Z59)^3),W59)*10000 -> 5.0485471e-05 | AB59: =N59/T59 -> 30.095175 | AC59: =T59*X59 -> 44.525409 | AD59: =IF(N59<AC59,W59/(1-(1-N59/AC59)^3),W59)*10000 -> 6.0615445e-05 | AE59: =2021-1950 -> 71 | AF59: {=_xlfn.IFS(N59<=AC59,W59*(3/(X59^3 - (X59-AB59)^3)),N59>AC59,W59*(3/X59^3))} -> 6.0461671e-14 | AG59: =(AF59/3)*(AE59^3)*10000 -> 7.213299e-05 | AH59: =AD59-AG59 -> -1.1517545e-05 | AI59: =AG59*100/AD59 -> 119.00101
A60: Zheng et al., | B60: Distribution characteristics of microplastics in the seawater and sediment: A case study in Jiaozhou Bay, China - ScienceDirect | C60: 36.093667 | D60: 120.25433 | E60: Fibers | F60: 94% fibers | G60: -1.55 | H60: 500 | I60: 13.40784 | J60: =LOG(I60, 10) - (G60) * LOG(H60,10)^(G60+1) -> 2.0251447 | K60: =-1*10^J60*(G60+1) -> 58.278368 | L60: =IF(E60="Fragments",0.000000097*K60*(5000^(4+G60)-1)/(4+G60),0.000106*K60*(5000^(2+G60)-1)/(2+G60)) -> 0.62034225 | M60: 2017 | N60: 20 | O60: 69 | P60: 3910.7059 | Q60: 27 | R60: 0.61037441 | S60: 0.12985781 | T60: 0.65394076 | U60: 3000 | V60: =L60*R60*0.000000001 -> 3.7864103e-10 | W60: =V60*N60 -> 7.5728206e-09 | X60: =M60-1950 -> 67 | Y60: =N60/S60 -> 154.0146 | Z60: =S60*X60 -> 8.7004736 | AA60: =IF(N60<Z60,W60/(1-(1-N60/Z60)^3),W60)*10000 -> 7.5728206e-05 | AB60: =N60/T60 -> 30.58381 | AC60: =T60*X60 -> 43.814031 | AD60: =IF(N60<AC60,W60/(1-(1-N60/AC60)^3),W60)*10000 -> 9.0213632e-05 | AE60: =2021-1950 -> 71 | AF60: {=_xlfn.IFS(N60<=AC60,W60*(3/(X60^3 - (X60-AB60)^3)),N60>AC60,W60*(3/X60^3))} -> 8.9984771e-14 | AG60: =(AF60/3)*(AE60^3)*10000 -> 0.00010735513 | AH60: =AD60-AG60 -> -1.7141499e-05 | AI60: =AG60*100/AD60 -> 119.00101
A61: Zheng et al., | B61: Distribution characteristics of microplastics in the seawater and sediment: A case study in Jiaozhou Bay, China - ScienceDirect | C61: 36.123167 | D61: 120.18233 | E61: Fibers | F61: 94% fibers | G61: -1.55 | H61: 500 | I61: 5.21416 | J61: =LOG(I61, 10) - (G61) * LOG(H61,10)^(G61+1) -> 1.6149702 | K61: =-1*10^J61*(G61+1) -> 22.66381 | L61: =IF(E61="Fragments",0.000000097*K61*(5000^(4+G61)-1)/(4+G61),0.000106*K61*(5000^(2+G61)-1)/(2+G61)) -> 0.24124421 | M61: 2017 | N61: 20 | O61: 69 | P61: 5616.6106 | Q61: 2 | R61: 0.61037441 | S61: 0.13315151 | T61: 0.65691287 | U61: 5000 | V61: =L61*R61*0.000000001 -> 1.4724929e-10 | W61: =V61*N61 -> 2.9449858e-09 | X61: =M61-1950 -> 67 | Y61: =N61/S61 -> 150.20483 | Z61: =S61*X61 -> 8.921151 | AA61: =IF(N61<Z61,W61/(1-(1-N61/Z61)^3),W61)*10000 -> 2.9449858e-05 | AB61: =N61/T61 -> 30.445438 | AC61: =T61*X61 -> 44.013163 | AD61: =IF(N61<AC61,W61/(1-(1-N61/AC61)^3),W61)*10000 -> 3.5160036e-05 | AE61: =2021-1950 -> 71 | AF61: {=_xlfn.IFS(N61<=AC61,W61*(3/(X61^3 - (X61-AB61)^3)),N61>AC61,W61*(3/X61^3))} -> 3.507084e-14 | AG61: =(AF61/3)*(AE61^3)*10000 -> 4.1840797e-05 | AH61: =AD61-AG61 -> -6.6807611e-06 | AI61: =AG61*100/AD61 -> 119.00101
A62: Zheng et al., | B62: Distribution characteristics of microplastics in the seawater and sediment: A case study in Jiaozhou Bay, China - ScienceDirect | C62: 36.123217 | D62: 120.22133 | E62: Fibers | F62: 94% fibers | G62: -1.55 | H62: 500 | I62: 12.66296 | J62: =LOG(I62, 10) - (G62) * LOG(H62,10)^(G62+1) -> 2.0003211 | K62: =-1*10^J62*(G62+1) -> 55.040681 | L62: =IF(E62="Fragments",0.000000097*K62*(5000^(4+G62)-1)/(4+G62),0.000106*K62*(5000^(2+G62)-1)/(2+G62)) -> 0.58587879 | M62: 2017 | N62: 20 | O62: 69 | P62: 8867.4854 | Q62: 6 | R62: 0.61037441 | S62: 0.13261896 | T62: 0.65691287 | U62: 5000 | V62: =L62*R62*0.000000001 -> 3.5760542e-10 | W62: =V62*N62 -> 7.1521084e-09 | X62: =M62-1950 -> 67 | Y62: =N62/S62 -> 150.808 | Z62: =S62*X62 -> 8.8854702 | AA62: =IF(N62<Z62,W62/(1-(1-N62/Z62)^3),W62)*10000 -> 7.1521084e-05 | AB62: =N62/T62 -> 30.445438 | AC62: =T62*X62 -> 44.013163 | AD62: =IF(N62<AC62,W62/(1-(1-N62/AC62)^3),W62)*10000 -> 8.538866e-05 | AE62: =2021-1950 -> 71 | AF62: {=_xlfn.IFS(N62<=AC62,W62*(3/(X62^3 - (X62-AB62)^3)),N62>AC62,W62*(3/X62^3))} -> 8.5172039e-14 | AG62: =(AF62/3)*(AE62^3)*10000 -> 0.00010161337 | AH62: =AD62-AG62 -> -1.6224706e-05 | AI62: =AG62*100/AD62 -> 119.00101
A63: Zheng et al., | B63: Distribution characteristics of microplastics in the seawater and sediment: A case study in Jiaozhou Bay, China - ScienceDirect | C63: 36.123217 | D63: 120.2715 | E63: Fibers | F63: 94% fibers | G63: -1.55 | H63: 500 | I63: 13.40784 | J63: =LOG(I63, 10) - (G63) * LOG(H63,10)^(G63+1) -> 2.0251447 | K63: =-1*10^J63*(G63+1) -> 58.278368 | L63: =IF(E63="Fragments",0.000000097*K63*(5000^(4+G63)-1)/(4+G63),0.000106*K63*(5000^(2+G63)-1)/(2+G63)) -> 0.62034225 | M63: 2017 | N63: 20 | O63: 69 | P63: 4747.5648 | Q63: 6 | R63: 0.61037441 | S63: 0.13261896 | T63: 0.65394076 | U63: 3000 | V63: =L63*R63*0.000000001 -> 3.7864103e-10 | W63: =V63*N63 -> 7.5728206e-09 | X63: =M63-1950 -> 67 | Y63: =N63/S63 -> 150.808 | Z63: =S63*X63 -> 8.8854702 | AA63: =IF(N63<Z63,W63/(1-(1-N63/Z63)^3),W63)*10000 -> 7.5728206e-05 | AB63: =N63/T63 -> 30.58381 | AC63: =T63*X63 -> 43.814031 | AD63: =IF(N63<AC63,W63/(1-(1-N63/AC63)^3),W63)*10000 -> 9.0213632e-05 | AE63: =2021-1950 -> 71 | AF63: {=_xlfn.IFS(N63<=AC63,W63*(3/(X63^3 - (X63-AB63)^3)),N63>AC63,W63*(3/X63^3))} -> 8.9984771e-14 | AG63: =(AF63/3)*(AE63^3)*10000 -> 0.00010735513 | AH63: =AD63-AG63 -> -1.7141499e-05 | AI63: =AG63*100/AD63 -> 119.00101
A64: Zheng et al., | B64: Distribution characteristics of microplastics in the seawater and sediment: A case study in Jiaozhou Bay, China - ScienceDirect | C64: 36.15765 | D64: 120.25083 | E64: Fibers | F64: 94% fibers | G64: -1.55 | H64: 500 | I64: 5.95904 | J64: =LOG(I64, 10) - (G64) * LOG(H64,10)^(G64+1) -> 1.6729622 | K64: =-1*10^J64*(G64+1) -> 25.901497 | L64: =IF(E64="Fragments",0.000000097*K64*(5000^(4+G64)-1)/(4+G64),0.000106*K64*(5000^(2+G64)-1)/(2+G64)) -> 0.27570766 | M64: 2017 | N64: 20 | O64: 69 | P64: 3089.9405 | Q64: 4 | R64: 0.61037441 | S64: 0.13288497 | T64: 0.65394076 | U64: 3000 | V64: =L64*R64*0.000000001 -> 1.682849e-10 | W64: =V64*N64 -> 3.3656981e-09 | X64: =M64-1950 -> 67 | Y64: =N64/S64 -> 150.50612 | Z64: =S64*X64 -> 8.9032927 | AA64: =IF(N64<Z64,W64/(1-(1-N64/Z64)^3),W64)*10000 -> 3.3656981e-05 | AB64: =N64/T64 -> 30.58381 | AC64: =T64*X64 -> 43.814031 | AD64: =IF(N64<AC64,W64/(1-(1-N64/AC64)^3),W64)*10000 -> 4.0094948e-05 | AE64: =2021-1950 -> 71 | AF64: {=_xlfn.IFS(N64<=AC64,W64*(3/(X64^3 - (X64-AB64)^3)),N64>AC64,W64*(3/X64^3))} -> 3.9993232e-14 | AG64: =(AF64/3)*(AE64^3)*10000 -> 4.7713392e-05 | AH64: =AD64-AG64 -> -7.618444e-06 | AI64: =AG64*100/AD64 -> 119.00101
A65: Zheng et al., | B65: Distribution characteristics of microplastics in the seawater and sediment: A case study in Jiaozhou Bay, China - ScienceDirect | C65: 36.15855 | D65: 120.29217 | E65: Fibers | F65: 94% fibers | G65: -1.55 | H65: 500 | I65: 8.93856 | J65: =LOG(I65, 10) - (G65) * LOG(H65,10)^(G65+1) -> 1.8490534 | K65: =-1*10^J65*(G65+1) -> 38.852245 | L65: =IF(E65="Fragments",0.000000097*K65*(5000^(4+G65)-1)/(4+G65),0.000106*K65*(5000^(2+G65)-1)/(2+G65)) -> 0.4135615 | M65: 2017 | N65: 20 | O65: 69 | P65: 2574.9504 | Q65: 2 | R65: 0.61037441 | S65: 0.13315151 | T65: 0.65394076 | U65: 2000 | V65: =L65*R65*0.000000001 -> 2.5242735e-10 | W65: =V65*N65 -> 5.0485471e-09 | X65: =M65-1950 -> 67 | Y65: =N65/S65 -> 150.20483 | Z65: =S65*X65 -> 8.921151 | AA65: =IF(N65<Z65,W65/(1-(1-N65/Z65)^3),W65)*10000 -> 5.0485471e-05 | AB65: =N65/T65 -> 30.58381 | AC65: =T65*X65 -> 43.814031 | AD65: =IF(N65<AC65,W65/(1-(1-N65/AC65)^3),W65)*10000 -> 6.0142422e-05 | AE65: =2021-1950 -> 71 | AF65: {=_xlfn.IFS(N65<=AC65,W65*(3/(X65^3 - (X65-AB65)^3)),N65>AC65,W65*(3/X65^3))} -> 5.9989847e-14 | AG65: =(AF65/3)*(AE65^3)*10000 -> 7.1570088e-05 | AH65: =AD65-AG65 -> -1.1427666e-05 | AI65: =AG65*100/AD65 -> 119.00101
A66: Zheng et al., | B66: Distribution characteristics of microplastics in the seawater and sediment: A case study in Jiaozhou Bay, China - ScienceDirect | C66: 36.088317 | D66: 120.29983 | E66: Fibers | F66: 94% fibers | G66: -1.55 | H66: 500 | I66: 18.622 | J66: =LOG(I66, 10) - (G66) * LOG(H66,10)^(G66+1) -> 2.1678122 | K66: =-1*10^J66*(G66+1) -> 80.942177 | L66: =IF(E66="Fragments",0.000000097*K66*(5000^(4+G66)-1)/(4+G66),0.000106*K66*(5000^(2+G66)-1)/(2+G66)) -> 0.86158645 | M66: 2017 | N66: 20 | O66: 69 | P66: 1255.2883 | Q66: 10 | R66: 0.61037441 | S66: 0.13208854 | T66: 0.65394076 | U66: land | V66: =L66*R66*0.000000001 -> 5.2589032e-10 | W66: =V66*N66 -> 1.0517806e-08 | X66: =M66-1950 -> 67 | Y66: =N66/S66 -> 151.41359 | Z66: =S66*X66 -> 8.849932 | AA66: =IF(N66<Z66,W66/(1-(1-N66/Z66)^3),W66)*10000 -> 0.00010517806 | AB66: =N66/T66 -> 30.58381 | AC66: =T66*X66 -> 43.814031 | AD66: =IF(N66<AC66,W66/(1-(1-N66/AC66)^3),W66)*10000 -> 0.00012529671 | AE66: =2021-1950 -> 71 | AF66: {=_xlfn.IFS(N66<=AC66,W66*(3/(X66^3 - (X66-AB66)^3)),N66>AC66,W66*(3/X66^3))} -> 1.2497885e-13 | AG66: =(AF66/3)*(AE66^3)*10000 -> 0.00014910435 | AH66: =AD66-AG66 -> -2.3807638e-05 | AI66: =AG66*100/AD66 -> 119.00101
A67: Zheng et al., | B67: Distribution characteristics of microplastics in the seawater and sediment: A case study in Jiaozhou Bay, China - ScienceDirect | C67: 36.12325 | D67: 120.32117 | E67: Fibers | F67: 94% fibers | G67: -1.55 | H67: 500 | I67: 17.13224 | J67: =LOG(I67, 10) - (G67) * LOG(H67,10)^(G67+1) -> 2.1316 | K67: =-1*10^J67*(G67+1) -> 74.466803 | L67: =IF(E67="Fragments",0.000000097*K67*(5000^(4+G67)-1)/(4+G67),0.000106*K67*(5000^(2+G67)-1)/(2+G67)) -> 0.79265954 | M67: 2017 | N67: 20 | O67: 69 | P67: 1046.0736 | Q67: 5 | R67: 0.61037441 | S67: 0.1327519 | T67: 0.65394076 | U67: 1000 | V67: =L67*R67*0.000000001 -> 4.838191e-10 | W67: =V67*N67 -> 9.6763819e-09 | X67: =M67-1950 -> 67 | Y67: =N67/S67 -> 150.65698 | Z67: =S67*X67 -> 8.894377 | AA67: =IF(N67<Z67,W67/(1-(1-N67/Z67)^3),W67)*10000 -> 9.6763819e-05 | AB67: =N67/T67 -> 30.58381 | AC67: =T67*X67 -> 43.814031 | AD67: =IF(N67<AC67,W67/(1-(1-N67/AC67)^3),W67)*10000 -> 0.00011527297 | AE67: =2021-1950 -> 71 | AF67: {=_xlfn.IFS(N67<=AC67,W67*(3/(X67^3 - (X67-AB67)^3)),N67>AC67,W67*(3/X67^3))} -> 1.1498054e-13 | AG67: =(AF67/3)*(AE67^3)*10000 -> 0.000137176 | AH67: =AD67-AG67 -> -2.1903027e-05 | AI67: =AG67*100/AD67 -> 119.00101
A68: Zheng et al., | B68: Distribution characteristics of microplastics in the seawater and sediment: A case study in Jiaozhou Bay, China - ScienceDirect | C68: 36.158017 | D68: 120.33533 | E68: Fibers | F68: 94% fibers | G68: -1.55 | H68: 500 | I68: 13.40784 | J68: =LOG(I68, 10) - (G68) * LOG(H68,10)^(G68+1) -> 2.0251447 | K68: =-1*10^J68*(G68+1) -> 58.278368 | L68: =IF(E68="Fragments",0.000000097*K68*(5000^(4+G68)-1)/(4+G68),0.000106*K68*(5000^(2+G68)-1)/(2+G68)) -> 0.62034225 | M68: 2017 | N68: 20 | O68: 69 | P68: 1351.849 | Q68: 4 | R68: 0.61037441 | S68: 0.13288497 | T68: 0.6616361 | U68: 1000 | V68: =L68*R68*0.000000001 -> 3.7864103e-10 | W68: =V68*N68 -> 7.5728206e-09 | X68: =M68-1950 -> 67 | Y68: =N68/S68 -> 150.50612 | Z68: =S68*X68 -> 8.9032927 | AA68: =IF(N68<Z68,W68/(1-(1-N68/Z68)^3),W68)*10000 -> 7.5728206e-05 | AB68: =N68/T68 -> 30.228096 | AC68: =T68*X68 -> 44.329619 | AD68: =IF(N68<AC68,W68/(1-(1-N68/AC68)^3),W68)*10000 -> 9.0727172e-05 | AE68: =2021-1950 -> 71 | AF68: {=_xlfn.IFS(N68<=AC68,W68*(3/(X68^3 - (X68-AB68)^3)),N68>AC68,W68*(3/X68^3))} -> 9.0497008e-14 | AG68: =(AF68/3)*(AE68^3)*10000 -> 0.00010796625 | AH68: =AD68-AG68 -> -1.7239077e-05 | AI68: =AG68*100/AD68 -> 119.00101
A69: Zheng et al., | B69: Distribution characteristics of microplastics in the seawater and sediment: A case study in Jiaozhou Bay, China - ScienceDirect | C69: 36.1598 | D69: 120.21983 | E69: Fibers | F69: 94% fibers | G69: -1.55 | H69: 500 | I69: 5.21416 | J69: =LOG(I69, 10) - (G69) * LOG(H69,10)^(G69+1) -> 1.6149702 | K69: =-1*10^J69*(G69+1) -> 22.66381 | L69: =IF(E69="Fragments",0.000000097*K69*(5000^(4+G69)-1)/(4+G69),0.000106*K69*(5000^(2+G69)-1)/(2+G69)) -> 0.24124421 | M69: 2017 | N69: 20 | O69: 69 | P69: 3685.3978 | Q69: 3 | R69: 0.61037441 | S69: 0.13301817 | T69: 0.65691287 | U69: 4000 | V69: =L69*R69*0.000000001 -> 1.4724929e-10 | W69: =V69*N69 -> 2.9449858e-09 | X69: =M69-1950 -> 67 | Y69: =N69/S69 -> 150.3554 | Z69: =S69*X69 -> 8.9122174 | AA69: =IF(N69<Z69,W69/(1-(1-N69/Z69)^3),W69)*10000 -> 2.9449858e-05 | AB69: =N69/T69 -> 30.445438 | AC69: =T69*X69 -> 44.013163 | AD69: =IF(N69<AC69,W69/(1-(1-N69/AC69)^3),W69)*10000 -> 3.5160036e-05 | AE69: =2021-1950 -> 71 | AF69: {=_xlfn.IFS(N69<=AC69,W69*(3/(X69^3 - (X69-AB69)^3)),N69>AC69,W69*(3/X69^3))} -> 3.507084e-14 | AG69: =(AF69/3)*(AE69^3)*10000 -> 4.1840797e-05 | AH69: =AD69-AG69 -> -6.6807611e-06 | AI69: =AG69*100/AD69 -> 119.00101
A70: Zheng et al., | B70: Distribution characteristics of microplastics in the seawater and sediment: A case study in Jiaozhou Bay, China - ScienceDirect | C70: 36.182283 | D70: 120.32267 | E70: Fibers | F70: 94% fibers | G70: -1.55 | H70: 500 | I70: 13.40784 | J70: =LOG(I70, 10) - (G70) * LOG(H70,10)^(G70+1) -> 2.0251447 | K70: =-1*10^J70*(G70+1) -> 58.278368 | L70: =IF(E70="Fragments",0.000000097*K70*(5000^(4+G70)-1)/(4+G70),0.000106*K70*(5000^(2+G70)-1)/(2+G70)) -> 0.62034225 | M70: 2017 | N70: 20 | O70: 69 | P70: 498.89664 | Q70: 3 | R70: 0.61037441 | S70: 0.13301817 | T70: 0.64838499 | U70: 2000 | V70: =L70*R70*0.000000001 -> 3.7864103e-10 | W70: =V70*N70 -> 7.5728206e-09 | X70: =M70-1950 -> 67 | Y70: =N70/S70 -> 150.3554 | Z70: =S70*X70 -> 8.9122174 | AA70: =IF(N70<Z70,W70/(1-(1-N70/Z70)^3),W70)*10000 -> 7.5728206e-05 | AB70: =N70/T70 -> 30.845872 | AC70: =T70*X70 -> 43.441794 | AD70: =IF(N70<AC70,W70/(1-(1-N70/AC70)^3),W70)*10000 -> 8.9845275e-05 | AE70: =2021-1950 -> 71 | AF70: {=_xlfn.IFS(N70<=AC70,W70*(3/(X70^3 - (X70-AB70)^3)),N70>AC70,W70*(3/X70^3))} -> 8.9617348e-14 | AG70: =(AF70/3)*(AE70^3)*10000 -> 0.00010691678 | AH70: =AD70-AG70 -> -1.7071507e-05 | AI70: =AG70*100/AD70 -> 119.00101
A71: Zheng et al., | B71: Distribution characteristics of microplastics in the seawater and sediment: A case study in Jiaozhou Bay, China - ScienceDirect | C71: 36.103899 | D71: 120.11225 | E71: Fibers | F71: 94% fibers | G71: -1.55 | H71: 500 | I71: 32.02984 | J71: =LOG(I71, 10) - (G71) * LOG(H71,10)^(G71+1) -> 2.4033406 | K71: =-1*10^J71*(G71+1) -> 139.22055 | L71: =IF(E71="Fragments",0.000000097*K71*(5000^(4+G71)-1)/(4+G71),0.000106*K71*(5000^(2+G71)-1)/(2+G71)) -> 1.4819287 | M71: 2017 | N71: 20 | O71: 69 | P71: 32.18688 | Q71: 26 | R71: 0.61037441 | S71: 0.12998798 | T71: 0.9137389 | U71: land | V71: =L71*R71*0.000000001 -> 9.0453135e-10 | W71: =V71*N71 -> 1.8090627e-08 | X71: =M71-1950 -> 67 | Y71: =N71/S71 -> 153.86037 | Z71: =S71*X71 -> 8.709195 | AA71: =IF(N71<Z71,W71/(1-(1-N71/Z71)^3),W71)*10000 -> 0.00018090627 | AB71: =N71/T71 -> 21.888091 | AC71: =T71*X71 -> 61.220506 | AD71: =IF(N71<AC71,W71/(1-(1-N71/AC71)^3),W71)*10000 -> 0.00026038876 | AE71: =2021-1950 -> 71 | AF71: {=_xlfn.IFS(N71<=AC71,W71*(3/(X71^3 - (X71-AB71)^3)),N71>AC71,W71*(3/X71^3))} -> 2.5972818e-13 | AG71: =(AF71/3)*(AE71^3)*10000 -> 0.00030986524 | AH71: =AD71-AG71 -> -4.9476487e-05 | AI71: =AG71*100/AD71 -> 119.00101
A72: Zheng et al., | B72: Distribution characteristics of microplastics in the seawater and sediment: A case study in Jiaozhou Bay, China - ScienceDirect | C72: 36.179699 | D72: 120.13865 | E72: Fibers | F72: 94% fibers | G72: -1.55 | H72: 500 | I72: 16.38736 | J72: =LOG(I72, 10) - (G72) * LOG(H72,10)^(G72+1) -> 2.1122949 | K72: =-1*10^J72*(G72+1) -> 71.229116 | L72: =IF(E72="Fragments",0.000000097*K72*(5000^(4+G72)-1)/(4+G72),0.000106*K72*(5000^(2+G72)-1)/(2+G72)) -> 0.75819608 | M72: 2017 | N72: 20 | O72: 69 | P72: 177.02784 | Q72: 16 | R72: 0.61037441 | S72: 0.13129688 | T72: 0.87084965 | U72: 1000 | V72: =L72*R72*0.000000001 -> 4.6278348e-10 | W72: =V72*N72 -> 9.2556697e-09 | X72: =M72-1950 -> 67 | Y72: =N72/S72 -> 152.32654 | Z72: =S72*X72 -> 8.796891 | AA72: =IF(N72<Z72,W72/(1-(1-N72/Z72)^3),W72)*10000 -> 9.2556697e-05 | AB72: =N72/T72 -> 22.966077 | AC72: =T72*X72 -> 58.346926 | AD72: =IF(N72<AC72,W72/(1-(1-N72/AC72)^3),W72)*10000 -> 0.00012924781 | AE72: =2021-1950 -> 71 | AF72: {=_xlfn.IFS(N72<=AC72,W72*(3/(X72^3 - (X72-AB72)^3)),N72>AC72,W72*(3/X72^3))} -> 1.2891993e-13 | AG72: =(AF72/3)*(AE72^3)*10000 -> 0.0001538062 | AH72: =AD72-AG72 -> -2.4558387e-05 | AI72: =AG72*100/AD72 -> 119.00101
A73: Zheng et al., | B73: Distribution characteristics of microplastics in the seawater and sediment: A case study in Jiaozhou Bay, China - ScienceDirect | C73: 36.255128 | D73: 120.326 | E73: Fibers | F73: 94% fibers | G73: -1.55 | H73: 500 | I73: 14.8976 | J73: =LOG(I73, 10) - (G73) * LOG(H73,10)^(G73+1) -> 2.0709022 | K73: =-1*10^J73*(G73+1) -> 64.753742 | L73: =IF(E73="Fragments",0.000000097*K73*(5000^(4+G73)-1)/(4+G73),0.000106*K73*(5000^(2+G73)-1)/(2+G73)) -> 0.68926916 | M73: 2017 | N73: 20 | O73: 69 | P73: 160.9344 | Q73: 0 | R73: 0.61037441 | S73: 0.13341858 | T73: 0.90558909 | U73: land | V73: =L73*R73*0.000000001 -> 4.2071226e-10 | W73: =V73*N73 -> 8.4142452e-09 | X73: =M73-1950 -> 67 | Y73: =N73/S73 -> 149.90415 | Z73: =S73*X73 -> 8.9390452 | AA73: =IF(N73<Z73,W73/(1-(1-N73/Z73)^3),W73)*10000 -> 8.4142452e-05 | AB73: =N73/T73 -> 22.085072 | AC73: =T73*X73 -> 60.674469 | AD73: =IF(N73<AC73,W73/(1-(1-N73/AC73)^3),W73)*10000 -> 0.00012042101 | AE73: =2021-1950 -> 71 | AF73: {=_xlfn.IFS(N73<=AC73,W73*(3/(X73^3 - (X73-AB73)^3)),N73>AC73,W73*(3/X73^3))} -> 1.2011551e-13 | AG73: =(AF73/3)*(AE73^3)*10000 -> 0.00014330221 | AH73: =AD73-AG73 -> -2.2881204e-05 | AI73: =AG73*100/AD73 -> 119.00101
A74: Zheng et al., | B74: Distribution characteristics of microplastics in the seawater and sediment: A case study in Jiaozhou Bay, China - ScienceDirect | C74: 36.255899 | D74: 120.32027 | E74: Fibers | F74: 94% fibers | G74: -1.55 | H74: 500 | I74: 9.68344 | J74: =LOG(I74, 10) - (G74) * LOG(H74,10)^(G74+1) -> 1.8838155 | K74: =-1*10^J74*(G74+1) -> 42.089932 | L74: =IF(E74="Fragments",0.000000097*K74*(5000^(4+G74)-1)/(4+G74),0.000106*K74*(5000^(2+G74)-1)/(2+G74)) -> 0.44802496 | M74: 2017 | N74: 20 | O74: 69 | P74: 450.61632 | Q74: 36 | R74: 0.61037441 | S74: 0.12869214 | T74: 0.90558909 | U74: land | V74: =L74*R74*0.000000001 -> 2.7346297e-10 | W74: =V74*N74 -> 5.4692593e-09 | X74: =M74-1950 -> 67 | Y74: =N74/S74 -> 155.40965 | Z74: =S74*X74 -> 8.6223731 | AA74: =IF(N74<Z74,W74/(1-(1-N74/Z74)^3),W74)*10000 -> 5.4692593e-05 | AB74: =N74/T74 -> 22.085072 | AC74: =T74*X74 -> 60.674469 | AD74: =IF(N74<AC74,W74/(1-(1-N74/AC74)^3),W74)*10000 -> 7.8273654e-05 | AE74: =2021-1950 -> 71 | AF74: {=_xlfn.IFS(N74<=AC74,W74*(3/(X74^3 - (X74-AB74)^3)),N74>AC74,W74*(3/X74^3))} -> 7.8075083e-14 | AG74: =(AF74/3)*(AE74^3)*10000 -> 9.3146437e-05 | AH74: =AD74-AG74 -> -1.4872783e-05 | AI74: =AG74*100/AD74 -> 119.00101
A75: Wang et al,, | B75: Typhoons increase the abundance of microplastics in the marine environment and cultured organisms: A case study in Sanggou Bay, China - ScienceDirect | C75: 37.11556 | D75: 122.48 | E75: Fibers | F75: 0.96 | G75: -1.66 | H75: 50 | I75: 2233.5131 | J75: =LOG(I75, 10) - (G75) * LOG(H75,10)^(G75+1) -> 4.5189876 | K75: =-1*10^J75*(G75+1) -> 21803.766 | L75: =IF(E75="Fragments",0.000000097*K75*(5000^(4+G75)-1)/(4+G75),0.000106*K75*(5000^(2+G75)-1)/(2+G75)) -> 116.23157 | M75: 2017 | N75: 5 | O75: 102 | R75: 0.61037441 | S75: 0.1324198 | T75: 0.49764695 | U75: 2000 | V75: =L75*R75*0.000000001 -> 7.0944778e-08 | W75: =V75*N75 -> 3.5472389e-07 | X75: =M75-1950 -> 67 | Y75: =N75/S75 -> 37.758704 | Z75: =S75*X75 -> 8.8721266 | AA75: =IF(N75<Z75,W75/(1-(1-N75/Z75)^3),W75)*10000 -> 0.0038688632 | AB75: =N75/T75 -> 10.047283 | AC75: =T75*X75 -> 33.342346 | AD75: =IF(N75<AC75,W75/(1-(1-N75/AC75)^3),W75)*10000 -> 0.0091948091 | AE75: =2021-1950 -> 71 | AF75: {=_xlfn.IFS(N75<=AC75,W75*(3/(X75^3 - (X75-AB75)^3)),N75>AC75,W75*(3/X75^3))} -> 9.171483e-12 | AG75: =(AF75/3)*(AE75^3)*10000 -> 0.010941916 | AH75: =AD75-AG75 -> -0.0017471064 | AI75: =AG75*100/AD75 -> 119.00101
A76: Wang et al,, | B76: Typhoons increase the abundance of microplastics in the marine environment and cultured organisms: A case study in Sanggou Bay, China - ScienceDirect | C76: 37.11556 | D76: 122.50917 | E76: Fibers | F76: 0.95 | G76: -1.62 | H76: 50 | I76: 1730.8673 | J76: =LOG(I76, 10) - (G76) * LOG(H76,10)^(G76+1) -> 4.4045358 | K76: =-1*10^J76*(G76+1) -> 15737.202 | L76: =IF(E76="Fragments",0.000000097*K76*(5000^(4+G76)-1)/(4+G76),0.000106*K76*(5000^(2+G76)-1)/(2+G76)) -> 107.31149 | M76: 2017 | N76: 5 | O76: 102 | R76: 0.61037441 | S76: 0.1324198 | T76: 0.47844016 | U76: 3000 | V76: =L76*R76*0.000000001 -> 6.550019e-08 | W76: =V76*N76 -> 3.2750095e-07 | X76: =M76-1950 -> 67 | Y76: =N76/S76 -> 37.758704 | Z76: =S76*X76 -> 8.8721266 | AA76: =IF(N76<Z76,W76/(1-(1-N76/Z76)^3),W76)*10000 -> 0.003571951 | AB76: =N76/T76 -> 10.450628 | AC76: =T76*X76 -> 32.055491 | AD76: =IF(N76<AC76,W76/(1-(1-N76/AC76)^3),W76)*10000 -> 0.0082133003 | AE76: =2021-1950 -> 71 | AF76: {=_xlfn.IFS(N76<=AC76,W76*(3/(X76^3 - (X76-AB76)^3)),N76>AC76,W76*(3/X76^3))} -> 8.1924641e-12 | AG76: =(AF76/3)*(AE76^3)*10000 -> 0.0097739101 | AH76: =AD76-AG76 -> -0.0015606098 | AI76: =AG76*100/AD76 -> 119.00101
A77: Wang et al,, | B77: Typhoons increase the abundance of microplastics in the marine environment and cultured organisms: A case study in Sanggou Bay, China - ScienceDirect | C77: 37.11556 | D77: 122.57056 | E77: Fibers | F77: 0.81 | G77: -1.695 | H77: 50 | I77: 2272.4842 | J77: =LOG(I77, 10) - (G77) * LOG(H77,10)^(G77+1) -> 4.5292109 | K77: =-1*10^J77*(G77+1) -> 23506.917 | L77: =IF(E77="Fragments",0.000000097*K77*(5000^(4+G77)-1)/(4+G77),0.000106*K77*(5000^(2+G77)-1)/(2+G77)) -> 101.57609 | M77: 2017 | N77: 5 | O77: 102 | R77: 0.61037441 | S77: 0.1324198 | T77: 0.47844016 | U77: 4000 | V77: =L77*R77*0.000000001 -> 6.1999448e-08 | W77: =V77*N77 -> 3.0999724e-07 | X77: =M77-1950 -> 67 | Y77: =N77/S77 -> 37.758704 | Z77: =S77*X77 -> 8.8721266 | AA77: =IF(N77<Z77,W77/(1-(1-N77/Z77)^3),W77)*10000 -> 0.0033810435 | AB77: =N77/T77 -> 10.450628 | AC77: =T77*X77 -> 32.055491 | AD77: =IF(N77<AC77,W77/(1-(1-N77/AC77)^3),W77)*10000 -> 0.00777433 | AE77: =2021-1950 -> 71 | AF77: {=_xlfn.IFS(N77<=AC77,W77*(3/(X77^3 - (X77-AB77)^3)),N77>AC77,W77*(3/X77^3))} -> 7.7546074e-12 | AG77: =(AF77/3)*(AE77^3)*10000 -> 0.009251531 | AH77: =AD77-AG77 -> -0.001477201 | AI77: =AG77*100/AD77 -> 119.00101
A78: Wang et al,, | B78: Typhoons increase the abundance of microplastics in the marine environment and cultured organisms: A case study in Sanggou Bay, China - ScienceDirect | C78: 37.11556 | D78: 122.59722 | E78: Fibers | F78: 0.9 | G78: -1.725 | H78: 50 | I78: 2150.7293 | J78: =LOG(I78, 10) - (G78) * LOG(H78,10)^(G78+1) -> 4.5072249 | K78: =-1*10^J78*(G78+1) -> 23311.105 | L78: =IF(E78="Fragments",0.000000097*K78*(5000^(4+G78)-1)/(4+G78),0.000106*K78*(5000^(2+G78)-1)/(2+G78)) -> 84.501966 | M78: 2017 | N78: 5 | O78: 102 | R78: 0.61037441 | S78: 0.1324198 | T78: 0.54292459 | U78: 5000 | V78: =L78*R78*0.000000001 -> 5.1577837e-08 | W78: =V78*N78 -> 2.5788919e-07 | X78: =M78-1950 -> 67 | Y78: =N78/S78 -> 37.758704 | Z78: =S78*X78 -> 8.8721266 | AA78: =IF(N78<Z78,W78/(1-(1-N78/Z78)^3),W78)*10000 -> 0.0028127172 | AB78: =N78/T78 -> 9.2093821 | AC78: =T78*X78 -> 36.375948 | AD78: =IF(N78<AC78,W78/(1-(1-N78/AC78)^3),W78)*10000 -> 0.0071980392 | AE78: =2021-1950 -> 71 | AF78: {=_xlfn.IFS(N78<=AC78,W78*(3/(X78^3 - (X78-AB78)^3)),N78>AC78,W78*(3/X78^3))} -> 7.1797786e-12 | AG78: =(AF78/3)*(AE78^3)*10000 -> 0.0085657391 | AH78: =AD78-AG78 -> -0.0013677 | AI78: =AG78*100/AD78 -> 119.00101
A79: Wang et al,, | B79: Typhoons increase the abundance of microplastics in the marine environment and cultured organisms: A case study in Sanggou Bay, China - ScienceDirect | C79: 37.11556 | D79: 122.66889 | E79: Fibers | F79: 0.83 | G79: -1.64 | H79: 50 | I79: 2033.3856 | J79: =LOG(I79, 10) - (G79) * LOG(H79,10)^(G79+1) -> 4.4764407 | K79: =-1*10^J79*(G79+1) -> 19169.937 | L79: =IF(E79="Fragments",0.000000097*K79*(5000^(4+G79)-1)/(4+G79),0.000106*K79*(5000^(2+G79)-1)/(2+G79)) -> 115.48594 | M79: 2017 | N79: 5 | O79: 102 | R79: 0.61037441 | S79: 0.1324198 | T79: 0.33336597 | U79: 9000 | V79: =L79*R79*0.000000001 -> 7.0489665e-08 | W79: =V79*N79 -> 3.5244832e-07 | X79: =M79-1950 -> 67 | Y79: =N79/S79 -> 37.758704 | Z79: =S79*X79 -> 8.8721266 | AA79: =IF(N79<Z79,W79/(1-(1-N79/Z79)^3),W79)*10000 -> 0.0038440443 | AB79: =N79/T79 -> 14.998532 | AC79: =T79*X79 -> 22.33552 | AD79: =IF(N79<AC79,W79/(1-(1-N79/AC79)^3),W79)*10000 -> 0.0066192939 | AE79: =2021-1950 -> 71 | AF79: {=_xlfn.IFS(N79<=AC79,W79*(3/(X79^3 - (X79-AB79)^3)),N79>AC79,W79*(3/X79^3))} -> 6.6025015e-12 | AG79: =(AF79/3)*(AE79^3)*10000 -> 0.0078770264 | AH79: =AD79-AG79 -> -0.0012577325 | AI79: =AG79*100/AD79 -> 119.00101
A80: Wang et al,, | B80: Typhoons increase the abundance of microplastics in the marine environment and cultured organisms: A case study in Sanggou Bay, China - ScienceDirect | C80: 37.06939 | D80: 122.48 | E80: Fibers | F80: 0.69 | G80: -1.62 | H80: 50 | I80: 1958.3911 | J80: =LOG(I80, 10) - (G80) * LOG(H80,10)^(G80+1) -> 4.4581715 | K80: =-1*10^J80*(G80+1) -> 17805.869 | L80: =IF(E80="Fragments",0.000000097*K80*(5000^(4+G80)-1)/(4+G80),0.000106*K80*(5000^(2+G80)-1)/(2+G80)) -> 121.41767 | M80: 2017 | N80: 5 | O80: 102 | R80: 0.61037441 | S80: 0.1324198 | T80: 0.49715752 | U80: 2000 | V80: =L80*R80*0.000000001 -> 7.4110237e-08 | W80: =V80*N80 -> 3.7055119e-07 | X80: =M80-1950 -> 67 | Y80: =N80/S80 -> 37.758704 | Z80: =S80*X80 -> 8.8721266 | AA80: =IF(N80<Z80,W80/(1-(1-N80/Z80)^3),W80)*10000 -> 0.0040414866 | AB80: =N80/T80 -> 10.057175 | AC80: =T80*X80 -> 33.309554 | AD80: =IF(N80<AC80,W80/(1-(1-N80/AC80)^3),W80)*10000 -> 0.0095971095 | AE80: =2021-1950 -> 71 | AF80: {=_xlfn.IFS(N80<=AC80,W80*(3/(X80^3 - (X80-AB80)^3)),N80>AC80,W80*(3/X80^3))} -> 9.5727627e-12 | AG80: =(AF80/3)*(AE80^3)*10000 -> 0.011420657 | AH80: =AD80-AG80 -> -0.0018235475 | AI80: =AG80*100/AD80 -> 119.00101
A81: Wang et al,, | B81: Typhoons increase the abundance of microplastics in the marine environment and cultured organisms: A case study in Sanggou Bay, China - ScienceDirect | C81: 37.06939 | D81: 122.50833 | E81: Fibers | F81: 0.97 | G81: -1.67 | H81: 50 | I81: 1610.666 | J81: =LOG(I81, 10) - (G81) * LOG(H81,10)^(G81+1) -> 4.3778306 | K81: =-1*10^J81*(G81+1) -> 15992.098 | L81: =IF(E81="Fragments",0.000000097*K81*(5000^(4+G81)-1)/(4+G81),0.000106*K81*(5000^(2+G81)-1)/(2+G81)) -> 80.243403 | M81: 2017 | N81: 5 | O81: 102 | R81: 0.61037441 | S81: 0.1324198 | T81: 0.53254045 | U81: 3000 | V81: =L81*R81*0.000000001 -> 4.897852e-08 | W81: =V81*N81 -> 2.448926e-07 | X81: =M81-1950 -> 67 | Y81: =N81/S81 -> 37.758704 | Z81: =S81*X81 -> 8.8721266 | AA81: =IF(N81<Z81,W81/(1-(1-N81/Z81)^3),W81)*10000 -> 0.0026709674 | AB81: =N81/T81 -> 9.3889581 | AC81: =T81*X81 -> 35.68021 | AD81: =IF(N81<AC81,W81/(1-(1-N81/AC81)^3),W81)*10000 -> 0.0067233743 | AE81: =2021-1950 -> 71 | AF81: {=_xlfn.IFS(N81<=AC81,W81*(3/(X81^3 - (X81-AB81)^3)),N81>AC81,W81*(3/X81^3))} -> 6.7063179e-12 | AG81: =(AF81/3)*(AE81^3)*10000 -> 0.0080008831 | AH81: =AD81-AG81 -> -0.0012775089 | AI81: =AG81*100/AD81 -> 119.00101
A82: Wang et al,, | B82: Typhoons increase the abundance of microplastics in the marine environment and cultured organisms: A case study in Sanggou Bay, China - ScienceDirect | C82: 37.06939 | D82: 122.57111 | E82: Fibers | F82: 0.95 | G82: -1.65 | H82: 50 | I82: 2055.6657 | J82: =LOG(I82, 10) - (G82) * LOG(H82,10)^(G82+1) -> 4.4820836 | K82: =-1*10^J82*(G82+1) -> 19724.091 | L82: =IF(E82="Fragments",0.000000097*K82*(5000^(4+G82)-1)/(4+G82),0.000106*K82*(5000^(2+G82)-1)/(2+G82)) -> 111.75294 | M82: 2017 | N82: 5 | O82: 102 | R82: 0.61037441 | S82: 0.1324198 | T82: 0.53254045 | U82: 2000 | V82: =L82*R82*0.000000001 -> 6.8211135e-08 | W82: =V82*N82 -> 3.4105567e-07 | X82: =M82-1950 -> 67 | Y82: =N82/S82 -> 37.758704 | Z82: =S82*X82 -> 8.8721266 | AA82: =IF(N82<Z82,W82/(1-(1-N82/Z82)^3),W82)*10000 -> 0.0037197882 | AB82: =N82/T82 -> 9.3889581 | AC82: =T82*X82 -> 35.68021 | AD82: =IF(N82<AC82,W82/(1-(1-N82/AC82)^3),W82)*10000 -> 0.0093634718 | AE82: =2021-1950 -> 71 | AF82: {=_xlfn.IFS(N82<=AC82,W82*(3/(X82^3 - (X82-AB82)^3)),N82>AC82,W82*(3/X82^3))} -> 9.3397178e-12 | AG82: =(AF82/3)*(AE82^3)*10000 -> 0.011142626 | AH82: =AD82-AG82 -> -0.001779154 | AI82: =AG82*100/AD82 -> 119.00101
A83: Wang et al,, | B83: Typhoons increase the abundance of microplastics in the marine environment and cultured organisms: A case study in Sanggou Bay, China - ScienceDirect | C83: 37.06939 | D83: 122.59889 | E83: Fibers | F83: 0.86 | G83: -1.58 | H83: 50 | I83: 2025.4148 | J83: =LOG(I83, 10) - (G83) * LOG(H83,10)^(G83+1) -> 4.4683621 | K83: =-1*10^J83*(G83+1) -> 17052.582 | L83: =IF(E83="Fragments",0.000000097*K83*(5000^(4+G83)-1)/(4+G83),0.000106*K83*(5000^(2+G83)-1)/(2+G83)) -> 149.65846 | M83: 2017 | N83: 5 | O83: 102 | R83: 0.61037441 | S83: 0.1324198 | T83: 0.34016312 | U83: 4000 | V83: =L83*R83*0.000000001 -> 9.1347691e-08 | W83: =V83*N83 -> 4.5673846e-07 | X83: =M83-1950 -> 67 | Y83: =N83/S83 -> 37.758704 | Z83: =S83*X83 -> 8.8721266 | AA83: =IF(N83<Z83,W83/(1-(1-N83/Z83)^3),W83)*10000 -> 0.0049815043 | AB83: =N83/T83 -> 14.69883 | AC83: =T83*X83 -> 22.790929 | AD83: =IF(N83<AC83,W83/(1-(1-N83/AC83)^3),W83)*10000 -> 0.0087109703 | AE83: =2021-1950 -> 71 | AF83: {=_xlfn.IFS(N83<=AC83,W83*(3/(X83^3 - (X83-AB83)^3)),N83>AC83,W83*(3/X83^3))} -> 8.6888716e-12 | AG83: =(AF83/3)*(AE83^3)*10000 -> 0.010366142 | AH83: =AD83-AG83 -> -0.0016551721 | AI83: =AG83*100/AD83 -> 119.00101
A84: Wang et al,, | B84: Typhoons increase the abundance of microplastics in the marine environment and cultured organisms: A case study in Sanggou Bay, China - ScienceDirect | C84: 37.06939 | D84: 122.66889 | E84: Fibers | F84: 0.91 | G84: -1.595 | H84: 50 | I84: 1203.4711 | J84: =LOG(I84, 10) - (G84) * LOG(H84,10)^(G84+1) -> 4.2440262 | K84: =-1*10^J84*(G84+1) -> 10436.219 | L84: =IF(E84="Fragments",0.000000097*K84*(5000^(4+G84)-1)/(4+G84),0.000106*K84*(5000^(2+G84)-1)/(2+G84)) -> 83.264276 | M84: 2017 | N84: 5 | O84: 102 | R84: 0.61037441 | S84: 0.1324198 | T84: 0.22625906 | U84: 9000 | V84: =L84*R84*0.000000001 -> 5.0822383e-08 | W84: =V84*N84 -> 2.5411192e-07 | X84: =M84-1950 -> 67 | Y84: =N84/S84 -> 37.758704 | Z84: =S84*X84 -> 8.8721266 | AA84: =IF(N84<Z84,W84/(1-(1-N84/Z84)^3),W84)*10000 -> 0.0027715197 | AB84: =N84/T84 -> 22.098563 | AC84: =T84*X84 -> 15.159357 | AD84: =IF(N84<AC84,W84/(1-(1-N84/AC84)^3),W84)*10000 -> 0.0036353269 | AE84: =2021-1950 -> 71 | AF84: {=_xlfn.IFS(N84<=AC84,W84*(3/(X84^3 - (X84-AB84)^3)),N84>AC84,W84*(3/X84^3))} -> 3.6261045e-12 | AG84: =(AF84/3)*(AE84^3)*10000 -> 0.0043260756 | AH84: =AD84-AG84 -> -0.00069074874 | AI84: =AG84*100/AD84 -> 119.00101
A85: Wang et al,, | B85: Typhoons increase the abundance of microplastics in the marine environment and cultured organisms: A case study in Sanggou Bay, China - ScienceDirect | C85: 37.04056 | D85: 122.48 | E85: Fibers | F85: 0.84 | G85: -1.78 | H85: 50 | I85: 1937.3494 | J85: =LOG(I85, 10) - (G85) * LOG(H85,10)^(G85+1) -> 4.4644754 | K85: =-1*10^J85*(G85+1) -> 22728.462 | L85: =IF(E85="Fragments",0.000000097*K85*(5000^(4+G85)-1)/(4+G85),0.000106*K85*(5000^(2+G85)-1)/(2+G85)) -> 60.371525 | M85: 2017 | N85: 5 | O85: 102 | R85: 0.61037441 | S85: 0.1324198 | T85: 0.49715752 | U85: 1000 | V85: =L85*R85*0.000000001 -> 3.6849234e-08 | W85: =V85*N85 -> 1.8424617e-07 | X85: =M85-1950 -> 67 | Y85: =N85/S85 -> 37.758704 | Z85: =S85*X85 -> 8.8721266 | AA85: =IF(N85<Z85,W85/(1-(1-N85/Z85)^3),W85)*10000 -> 0.0020095157 | AB85: =N85/T85 -> 10.057175 | AC85: =T85*X85 -> 33.309554 | AD85: =IF(N85<AC85,W85/(1-(1-N85/AC85)^3),W85)*10000 -> 0.0047718931 | AE85: =2021-1950 -> 71 | AF85: {=_xlfn.IFS(N85<=AC85,W85*(3/(X85^3 - (X85-AB85)^3)),N85>AC85,W85*(3/X85^3))} -> 4.7597874e-12 | AG85: =(AF85/3)*(AE85^3)*10000 -> 0.0056786009 | AH85: =AD85-AG85 -> -0.00090670777 | AI85: =AG85*100/AD85 -> 119.00101
A86: Wang et al,, | B86: Typhoons increase the abundance of microplastics in the marine environment and cultured organisms: A case study in Sanggou Bay, China - ScienceDirect | C86: 37.04056 | D86: 122.50722 | E86: Fibers | F86: 0.94 | G86: -1.64 | H86: 50 | I86: 2808.6763 | J86: =LOG(I86, 10) - (G86) * LOG(H86,10)^(G86+1) -> 4.6167226 | K86: =-1*10^J86*(G86+1) -> 26479.063 | L86: =IF(E86="Fragments",0.000000097*K86*(5000^(4+G86)-1)/(4+G86),0.000106*K86*(5000^(2+G86)-1)/(2+G86)) -> 159.5185 | M86: 2017 | N86: 5 | O86: 102 | R86: 0.61037441 | S86: 0.1324198 | T86: 0.53254045 | U86: 2000 | V86: =L86*R86*0.000000001 -> 9.7366013e-08 | W86: =V86*N86 -> 4.8683007e-07 | X86: =M86-1950 -> 67 | Y86: =N86/S86 -> 37.758704 | Z86: =S86*X86 -> 8.8721266 | AA86: =IF(N86<Z86,W86/(1-(1-N86/Z86)^3),W86)*10000 -> 0.0053097042 | AB86: =N86/T86 -> 9.3889581 | AC86: =T86*X86 -> 35.68021 | AD86: =IF(N86<AC86,W86/(1-(1-N86/AC86)^3),W86)*10000 -> 0.013365617 | AE86: =2021-1950 -> 71 | AF86: {=_xlfn.IFS(N86<=AC86,W86*(3/(X86^3 - (X86-AB86)^3)),N86>AC86,W86*(3/X86^3))} -> 1.333171e-11 | AG86: =(AF86/3)*(AE86^3)*10000 -> 0.015905219 | AH86: =AD86-AG86 -> -0.0025396019 | AI86: =AG86*100/AD86 -> 119.00101
A87: Mohsen et al., | B87: Microplastic ingestion by the farmed sea cucumber Apostichopus japonicus in China - ScienceDirect | C87: 35.138997 | D87: 119.91445 | E87: Fibers | F87: 97% fibers | G87: -1.55 | H87: 501 | I87: 61.32 | J87: =LOG(I87, 10) - (G87) * LOG(H87,10)^(G87+1) -> 2.6852293 | K87: =-1*10^J87*(G87+1) -> 266.43544 | L87: =IF(E87="Fragments",0.000000097*K87*(5000^(4+G87)-1)/(4+G87),0.000106*K87*(5000^(2+G87)-1)/(2+G87)) -> 2.8360637 | M87: 2018 | N87: 10 | O87: 91 | P87: 0 | Q87: 0 | R87: 0.61037441 | S87: 0.13341858 | T87: 1.3200235 | U87: 42000 | V87: =L87*R87*0.000000001 -> 1.7310607e-09 | W87: =V87*N87 -> 1.7310607e-08 | X87: =M87-1950 -> 68 | Y87: =N87/S87 -> 74.952077 | Z87: =S87*X87 -> 9.0724638 | AA87: =IF(N87<Z87,W87/(1-(1-N87/Z87)^3),W87)*10000 -> 0.00017310607 | AB87: =N87/T87 -> 7.5756229 | AC87: =T87*X87 -> 89.761595 | AD87: =IF(N87<AC87,W87/(1-(1-N87/AC87)^3),W87)*10000 -> 0.0005801777 | AE87: =2021-1950 -> 71 | AF87: {=_xlfn.IFS(N87<=AC87,W87*(3/(X87^3 - (X87-AB87)^3)),N87>AC87,W87*(3/X87^3))} -> 5.5354834e-13 | AG87: =(AF87/3)*(AE87^3)*10000 -> 0.00066040346 | AH87: =AD87-AG87 -> -8.022576e-05 | AI87: =AG87*100/AD87 -> 113.82779
A88: Mohsen et al., | B88: Microplastic ingestion by the farmed sea cucumber Apostichopus japonicus in China - ScienceDirect | C88: 39.178718 | D88: 118.98889 | E88: Fibers | F88: 97% fibers | G88: -1.55 | H88: 501 | I88: 35.28 | J88: =LOG(I88, 10) - (G88) * LOG(H88,10)^(G88+1) -> 2.4451557 | K88: =-1*10^J88*(G88+1) -> 153.29162 | L88: =IF(E88="Fragments",0.000000097*K88*(5000^(4+G88)-1)/(4+G88),0.000106*K88*(5000^(2+G88)-1)/(2+G88)) -> 1.6317079 | M88: 2018 | N88: 10 | O88: 91 | P88: 0 | Q88: 0 | R88: 0.61037441 | S88: 0.13341858 | T88: 1.4182181 | U88: 42000 | V88: =L88*R88*0.000000001 -> 9.9595272e-10 | W88: =V88*N88 -> 9.9595272e-09 | X88: =M88-1950 -> 68 | Y88: =N88/S88 -> 74.952077 | Z88: =S88*X88 -> 9.0724638 | AA88: =IF(N88<Z88,W88/(1-(1-N88/Z88)^3),W88)*10000 -> 9.9595272e-05 | AB88: =N88/T88 -> 7.0511019 | AC88: =T88*X88 -> 96.438828 | AD88: =IF(N88<AC88,W88/(1-(1-N88/AC88)^3),W88)*10000 -> 0.00035577817 | AE88: =2021-1950 -> 71 | AF88: {=_xlfn.IFS(N88<=AC88,W88*(3/(X88^3 - (X88-AB88)^3)),N88>AC88,W88*(3/X88^3))} -> 3.3944844e-13 | AG88: =(AF88/3)*(AE88^3)*10000 -> 0.00040497443 | AH88: =AD88-AG88 -> -4.9196262e-05 | AI88: =AG88*100/AD88 -> 113.82779
A89: Extrapolated studies using mean slope from MPsizeBase : fibers = -1,77; fragments = -2,09
A90: Falahudin et al., | B90: The first occurrence, spatial distribution and characteristics of microplastic particles in sediments from Banten Bay, Indonesia - ScienceDirect | C90: -6 | D90: 106.22 | E90: Fragments | F90: 51% fragments | G90: -2.09 | H90: 500 | I90: 71.3184 | J90: =LOG(I90, 10) - (G90) * LOG(H90,10)^(G90+1) -> 2.5613763 | K90: =-1*10^J90*(G90+1) -> 397.01122 | L90: =IF(E90="Fragments",0.000000097*K90*(5000^(4+G90)-1)/(4+G90),0.000106*K90*(5000^(2+G90)-1)/(2+G90)) -> 234.19295 | M90: 2016 | N90: 10 | O90: 67 | P90: 659.83104 | Q90: 1 | R90: 0.69148335 | S90: 0.13328498 | T90: 0.40134536 | V90: =L90*R90*0.000000001 -> 1.6194053e-07 | W90: =V90*N90 -> 1.6194053e-06 | X90: =M90-1950 -> 66 | Y90: =N90/S90 -> 75.027209 | Z90: =S90*X90 -> 8.7968087 | AA90: =IF(N90<Z90,W90/(1-(1-N90/Z90)^3),W90)*10000 -> 0.016194053 | AB90: =N90/T90 -> 24.916197 | AC90: =T90*X90 -> 26.488794 | AD90: =IF(N90<AC90,W90/(1-(1-N90/AC90)^3),W90)*10000 -> 0.021341705 | AE90: =2021-1950 -> 71 | AF90: {=_xlfn.IFS(N90<=AC90,W90*(3/(X90^3 - (X90-AB90)^3)),N90>AC90,W90*(3/X90^3))} -> 2.2269915e-11 | AG90: =(AF90/3)*(AE90^3)*10000 -> 0.026568825 | AH90: =AD90-AG90 -> -0.0052271203 | AI90: =AG90*100/AD90 -> 124.49251
A91: Falahudin et al., | B91: The first occurrence, spatial distribution and characteristics of microplastic particles in sediments from Banten Bay, Indonesia - ScienceDirect | C91: -6 | D91: 106.13 | E91: Fragments | F91: 51% fragments | G91: -2.09 | H91: 500 | I91: 128.2956 | J91: =LOG(I91, 10) - (G91) * LOG(H91,10)^(G91+1) -> 2.8163865 | K91: =-1*10^J91*(G91+1) -> 714.18866 | L91: =IF(E91="Fragments",0.000000097*K91*(5000^(4+G91)-1)/(4+G91),0.000106*K91*(5000^(2+G91)-1)/(2+G91)) -> 421.29276 | M91: 2016 | N91: 10 | O91: 67 | P91: 2655.4176 | Q91: 3 | R91: 0.69148335 | S91: 0.13301817 | T91: 0.38567532 | V91: =L91*R91*0.000000001 -> 2.9131692e-07 | W91: =V91*N91 -> 2.9131692e-06 | X91: =M91-1950 -> 66 | Y91: =N91/S91 -> 75.177699 | Z91: =S91*X91 -> 8.7791992 | AA91: =IF(N91<Z91,W91/(1-(1-N91/Z91)^3),W91)*10000 -> 0.029131692 | AB91: =N91/T91 -> 25.928546 | AC91: =T91*X91 -> 25.454571 | AD91: =IF(N91<AC91,W91/(1-(1-N91/AC91)^3),W91)*10000 -> 0.037531502 | AE91: =2021-1950 -> 71 | AF91: {=_xlfn.IFS(N91<=AC91,W91*(3/(X91^3 - (X91-AB91)^3)),N91>AC91,W91*(3/X91^3))} -> 3.9163852e-11 | AG91: =(AF91/3)*(AE91^3)*10000 -> 0.046723911 | AH91: =AD91-AG91 -> -0.0091924087 | AI91: =AG91*100/AD91 -> 124.49251
A92: Falahudin et al., | B92: The first occurrence, spatial distribution and characteristics of microplastic particles in sediments from Banten Bay, Indonesia - ScienceDirect | C92: -6 | D92: 106.19 | E92: Fragments | F92: 51% fragments | G92: -2.09 | H92: 500 | I92: 160.0788 | J92: =LOG(I92, 10) - (G92) * LOG(H92,10)^(G92+1) -> 2.9125085 | K92: =-1*10^J92*(G92+1) -> 891.11758 | L92: =IF(E92="Fragments",0.000000097*K92*(5000^(4+G92)-1)/(4+G92),0.000106*K92*(5000^(2+G92)-1)/(2+G92)) -> 525.66135 | M92: 2016 | N92: 10 | O92: 67 | P92: 1705.9046 | Q92: 5 | R92: 0.69148335 | S92: 0.1327519 | T92: 0.40134536 | V92: =L92*R92*0.000000001 -> 3.6348607e-07 | W92: =V92*N92 -> 3.6348607e-06 | X92: =M92-1950 -> 66 | Y92: =N92/S92 -> 75.328491 | Z92: =S92*X92 -> 8.7616251 | AA92: =IF(N92<Z92,W92/(1-(1-N92/Z92)^3),W92)*10000 -> 0.036348607 | AB92: =N92/T92 -> 24.916197 | AC92: =T92*X92 -> 26.488794 | AD92: =IF(N92<AC92,W92/(1-(1-N92/AC92)^3),W92)*10000 -> 0.047902849 | AE92: =2021-1950 -> 71 | AF92: {=_xlfn.IFS(N92<=AC92,W92*(3/(X92^3 - (X92-AB92)^3)),N92>AC92,W92*(3/X92^3))} -> 4.9986277e-11 | AG92: =(AF92/3)*(AE92^3)*10000 -> 0.059635461 | AH92: =AD92-AG92 -> -0.011732612 | AI92: =AG92*100/AD92 -> 124.49251
A93: Falahudin et al., | B93: The first occurrence, spatial distribution and characteristics of microplastic particles in sediments from Banten Bay, Indonesia - ScienceDirect | C93: -6 | D93: 106.16 | E93: Fragments | F93: 51% fragments | G93: -2.09 | H93: 500 | I93: 166.2804 | J93: =LOG(I93, 10) - (G93) * LOG(H93,10)^(G93+1) -> 2.9290158 | K93: =-1*10^J93*(G93+1) -> 925.64029 | L93: =IF(E93="Fragments",0.000000097*K93*(5000^(4+G93)-1)/(4+G93),0.000106*K93*(5000^(2+G93)-1)/(2+G93)) -> 546.02596 | M93: 2016 | N93: 10 | O93: 67 | P93: 531.08352 | Q93: 5 | R93: 0.69148335 | S93: 0.1327519 | T93: 0.38567532 | V93: =L93*R93*0.000000001 -> 3.7756786e-07 | W93: =V93*N93 -> 3.7756786e-06 | X93: =M93-1950 -> 66 | Y93: =N93/S93 -> 75.328491 | Z93: =S93*X93 -> 8.7616251 | AA93: =IF(N93<Z93,W93/(1-(1-N93/Z93)^3),W93)*10000 -> 0.037756786 | AB93: =N93/T93 -> 25.928546 | AC93: =T93*X93 -> 25.454571 | AD93: =IF(N93<AC93,W93/(1-(1-N93/AC93)^3),W93)*10000 -> 0.048643548 | AE93: =2021-1950 -> 71 | AF93: {=_xlfn.IFS(N93<=AC93,W93*(3/(X93^3 - (X93-AB93)^3)),N93>AC93,W93*(3/X93^3))} -> 5.0759192e-11 | AG93: =(AF93/3)*(AE93^3)*10000 -> 0.060557577 | AH93: =AD93-AG93 -> -0.011914028 | AI93: =AG93*100/AD93 -> 124.49251
A94: Falahudin et al., | B94: The first occurrence, spatial distribution and characteristics of microplastic particles in sediments from Banten Bay, Indonesia - ScienceDirect | C94: -5.97 | D94: 106.22 | E94: Fragments | F94: 51% fragments | G94: -2.09 | H94: 500 | I94: 113.9544 | J94: =LOG(I94, 10) - (G94) * LOG(H94,10)^(G94+1) -> 2.7649058 | K94: =-1*10^J94*(G94+1) -> 634.35489 | L94: =IF(E94="Fragments",0.000000097*K94*(5000^(4+G94)-1)/(4+G94),0.000106*K94*(5000^(2+G94)-1)/(2+G94)) -> 374.19961 | M94: 2016 | N94: 10 | O94: 67 | P94: 2687.6045 | Q94: 6 | R94: 0.69148335 | S94: 0.13261896 | T94: 0.40134536 | V94: =L94*R94*0.000000001 -> 2.587528e-07 | W94: =V94*N94 -> 2.587528e-06 | X94: =M94-1950 -> 66 | Y94: =N94/S94 -> 75.404001 | Z94: =S94*X94 -> 8.7528512 | AA94: =IF(N94<Z94,W94/(1-(1-N94/Z94)^3),W94)*10000 -> 0.02587528 | AB94: =N94/T94 -> 24.916197 | AC94: =T94*X94 -> 26.488794 | AD94: =IF(N94<AC94,W94/(1-(1-N94/AC94)^3),W94)*10000 -> 0.034100333 | AE94: =2021-1950 -> 71 | AF94: {=_xlfn.IFS(N94<=AC94,W94*(3/(X94^3 - (X94-AB94)^3)),N94>AC94,W94*(3/X94^3))} -> 3.5583452e-11 | AG94: =(AF94/3)*(AE94^3)*10000 -> 0.042452362 | AH94: =AD94-AG94 -> -0.0083520291 | AI94: =AG94*100/AD94 -> 124.49251
A95: Falahudin et al., | B95: The first occurrence, spatial distribution and characteristics of microplastic particles in sediments from Banten Bay, Indonesia - ScienceDirect | C95: -5.97 | D95: 106.19 | E95: Fragments | F95: 51% fragments | G95: -2.09 | H95: 500 | I95: 63.954 | J95: =LOG(I95, 10) - (G95) * LOG(H95,10)^(G95+1) -> 2.5140424 | K95: =-1*10^J95*(G95+1) -> 356.0155 | L95: =IF(E95="Fragments",0.000000097*K95*(5000^(4+G95)-1)/(4+G95),0.000106*K95*(5000^(2+G95)-1)/(2+G95)) -> 210.00998 | M95: 2016 | N95: 10 | O95: 67 | P95: 4618.8173 | Q95: 7 | R95: 0.69148335 | S95: 0.13248615 | T95: 0.40134536 | V95: =L95*R95*0.000000001 -> 1.4521841e-07 | W95: =V95*N95 -> 1.4521841e-06 | X95: =M95-1950 -> 66 | Y95: =N95/S95 -> 75.479586 | Z95: =S95*X95 -> 8.7440861 | AA95: =IF(N95<Z95,W95/(1-(1-N95/Z95)^3),W95)*10000 -> 0.014521841 | AB95: =N95/T95 -> 24.916197 | AC95: =T95*X95 -> 26.488794 | AD95: =IF(N95<AC95,W95/(1-(1-N95/AC95)^3),W95)*10000 -> 0.019137942 | AE95: =2021-1950 -> 71 | AF95: {=_xlfn.IFS(N95<=AC95,W95*(3/(X95^3 - (X95-AB95)^3)),N95>AC95,W95*(3/X95^3))} -> 1.9970304e-11 | AG95: =(AF95/3)*(AE95^3)*10000 -> 0.023825305 | AH95: =AD95-AG95 -> -0.0046873633 | AI95: =AG95*100/AD95 -> 124.49251
A96: Falahudin et al., | B96: The first occurrence, spatial distribution and characteristics of microplastic particles in sediments from Banten Bay, Indonesia - ScienceDirect | C96: -5.97 | D96: 106.13 | E96: Fragments | F96: 51% fragments | G96: -2.09 | H96: 500 | I96: 117.4428 | J96: =LOG(I96, 10) - (G96) * LOG(H96,10)^(G96+1) -> 2.7780011 | K96: =-1*10^J96*(G96+1) -> 653.77391 | L96: =IF(E96="Fragments",0.000000097*K96*(5000^(4+G96)-1)/(4+G96),0.000106*K96*(5000^(2+G96)-1)/(2+G96)) -> 385.6547 | M96: 2016 | N96: 10 | O96: 67 | P96: 2462.2963 | Q96: 7 | R96: 0.69148335 | S96: 0.13248615 | T96: 0.38567532 | V96: =L96*R96*0.000000001 -> 2.666738e-07 | W96: =V96*N96 -> 2.666738e-06 | X96: =M96-1950 -> 66 | Y96: =N96/S96 -> 75.479586 | Z96: =S96*X96 -> 8.7440861 | AA96: =IF(N96<Z96,W96/(1-(1-N96/Z96)^3),W96)*10000 -> 0.02666738 | AB96: =N96/T96 -> 25.928546 | AC96: =T96*X96 -> 25.454571 | AD96: =IF(N96<AC96,W96/(1-(1-N96/AC96)^3),W96)*10000 -> 0.034356632 | AE96: =2021-1950 -> 71 | AF96: {=_xlfn.IFS(N96<=AC96,W96*(3/(X96^3 - (X96-AB96)^3)),N96>AC96,W96*(3/X96^3))} -> 3.5850897e-11 | AG96: =(AF96/3)*(AE96^3)*10000 -> 0.042771435 | AH96: =AD96-AG96 -> -0.0084148032 | AI96: =AG96*100/AD96 -> 124.49251
A97: Falahudin et al., | B97: The first occurrence, spatial distribution and characteristics of microplastic particles in sediments from Banten Bay, Indonesia - ScienceDirect | C97: -5.97 | D97: 106.16 | E97: Fragments | F97: 51% fragments | G97: -2.09 | H97: 500 | I97: 118.6056 | J97: =LOG(I97, 10) - (G97) * LOG(H97,10)^(G97+1) -> 2.7822799 | K97: =-1*10^J97*(G97+1) -> 660.24692 | L97: =IF(E97="Fragments",0.000000097*K97*(5000^(4+G97)-1)/(4+G97),0.000106*K97*(5000^(2+G97)-1)/(2+G97)) -> 389.47306 | M97: 2016 | N97: 10 | O97: 67 | P97: 1625.4374 | Q97: 8 | R97: 0.69148335 | S97: 0.13235348 | T97: 0.38567532 | V97: =L97*R97*0.000000001 -> 2.6931414e-07 | W97: =V97*N97 -> 2.6931414e-06 | X97: =M97-1950 -> 66 | Y97: =N97/S97 -> 75.555247 | Z97: =S97*X97 -> 8.7353298 | AA97: =IF(N97<Z97,W97/(1-(1-N97/Z97)^3),W97)*10000 -> 0.026931414 | AB97: =N97/T97 -> 25.928546 | AC97: =T97*X97 -> 25.454571 | AD97: =IF(N97<AC97,W97/(1-(1-N97/AC97)^3),W97)*10000 -> 0.034696797 | AE97: =2021-1950 -> 71 | AF97: {=_xlfn.IFS(N97<=AC97,W97*(3/(X97^3 - (X97-AB97)^3)),N97>AC97,W97*(3/X97^3))} -> 3.6205857e-11 | AG97: =(AF97/3)*(AE97^3)*10000 -> 0.043194915 | AH97: =AD97-AG97 -> -0.008498118 | AI97: =AG97*100/AD97 -> 124.49251
A98: Falahudin et al., | B98: The first occurrence, spatial distribution and characteristics of microplastic particles in sediments from Banten Bay, Indonesia - ScienceDirect | C98: -5.96 | D98: 106.27 | E98: Fragments | F98: 51% fragments | G98: -2.09 | H98: 500 | I98: 82.1712 | J98: =LOG(I98, 10) - (G98) * LOG(H98,10)^(G98+1) -> 2.6228943 | K98: =-1*10^J98*(G98+1) -> 457.42597 | L98: =IF(E98="Fragments",0.000000097*K98*(5000^(4+G98)-1)/(4+G98),0.000106*K98*(5000^(2+G98)-1)/(2+G98)) -> 269.83101 | M98: 2016 | N98: 10 | O98: 67 | P98: 354.05568 | Q98: 1 | R98: 0.69148335 | S98: 0.13328498 | T98: 0.40079513 | V98: =L98*R98*0.000000001 -> 1.8658365e-07 | W98: =V98*N98 -> 1.8658365e-06 | X98: =M98-1950 -> 66 | Y98: =N98/S98 -> 75.027209 | Z98: =S98*X98 -> 8.7968087 | AA98: =IF(N98<Z98,W98/(1-(1-N98/Z98)^3),W98)*10000 -> 0.018658365 | AB98: =N98/T98 -> 24.950403 | AC98: =T98*X98 -> 26.452479 | AD98: =IF(N98<AC98,W98/(1-(1-N98/AC98)^3),W98)*10000 -> 0.024569864 | AE98: =2021-1950 -> 71 | AF98: {=_xlfn.IFS(N98<=AC98,W98*(3/(X98^3 - (X98-AB98)^3)),N98>AC98,W98*(3/X98^3))} -> 2.5638476e-11 | AG98: =(AF98/3)*(AE98^3)*10000 -> 0.030587642 | AH98: =AD98-AG98 -> -0.0060177776 | AI98: =AG98*100/AD98 -> 124.49251
A99: Falahudin et al., | B99: The first occurrence, spatial distribution and characteristics of microplastic particles in sediments from Banten Bay, Indonesia - ScienceDirect | C99: -5.95 | D99: 106.16 | E99: Fragments | F99: 51% fragments | G99: -2.09 | H99: 500 | I99: 75.1944 | J99: =LOG(I99, 10) - (G99) * LOG(H99,10)^(G99+1) -> 2.5843602 | K99: =-1*10^J99*(G99+1) -> 418.58792 | L99: =IF(E99="Fragments",0.000000097*K99*(5000^(4+G99)-1)/(4+G99),0.000106*K99*(5000^(2+G99)-1)/(2+G99)) -> 246.92083 | M99: 2016 | N99: 10 | O99: 67 | P99: 740.29824 | Q99: 11 | R99: 0.69148335 | S99: 0.13195626 | T99: 0.38567532 | V99: =L99*R99*0.000000001 -> 1.7074164e-07 | W99: =V99*N99 -> 1.7074164e-06 | X99: =M99-1950 -> 66 | Y99: =N99/S99 -> 75.782685 | Z99: =S99*X99 -> 8.7091134 | AA99: =IF(N99<Z99,W99/(1-(1-N99/Z99)^3),W99)*10000 -> 0.017074164 | AB99: =N99/T99 -> 25.928546 | AC99: =T99*X99 -> 25.454571 | AD99: =IF(N99<AC99,W99/(1-(1-N99/AC99)^3),W99)*10000 -> 0.021997316 | AE99: =2021-1950 -> 71 | AF99: {=_xlfn.IFS(N99<=AC99,W99*(3/(X99^3 - (X99-AB99)^3)),N99>AC99,W99*(3/X99^3))} -> 2.295404e-11 | AG99: =(AF99/3)*(AE99^3)*10000 -> 0.027385011 | AH99: =AD99-AG99 -> -0.0053876958 | AI99: =AG99*100/AD99 -> 124.49251
A100: Falahudin et al., | B100: The first occurrence, spatial distribution and characteristics of microplastic particles in sediments from Banten Bay, Indonesia - ScienceDirect | C100: -5.95 | D100: 106.37 | E100: Fragments | F100: 51% fragments | G100: -2.09 | H100: 500 | I100: 167.0556 | J100: =LOG(I100, 10) - (G100) * LOG(H100,10)^(G100+1) -> 2.9310357 | K100: =-1*10^J100*(G100+1) -> 929.95563 | L100: =IF(E100="Fragments",0.000000097*K100*(5000^(4+G100)-1)/(4+G100),0.000106*K100*(5000^(2+G100)-1)/(2+G100)) -> 548.57153 | M100: 2016 | N100: 10 | O100: 67 | P100: 1770.2784 | Q100: 4 | R100: 0.69148335 | S100: 0.13288497 | T100: 0.40237816 | V100: =L100*R100*0.000000001 -> 3.7932808e-07 | W100: =V100*N100 -> 3.7932808e-06 | X100: =M100-1950 -> 66 | Y100: =N100/S100 -> 75.253058 | Z100: =S100*X100 -> 8.7704078 | AA100: =IF(N100<Z100,W100/(1-(1-N100/Z100)^3),W100)*10000 -> 0.037932808 | AB100: =N100/T100 -> 24.852243 | AC100: =T100*X100 -> 26.556959 | AD100: =IF(N100<AC100,W100/(1-(1-N100/AC100)^3),W100)*10000 -> 0.05006506 | AE100: =2021-1950 -> 71 | AF100: {=_xlfn.IFS(N100<=AC100,W100*(3/(X100^3 - (X100-AB100)^3)),N100>AC100,W100*(3/X100^3))} -> 5.2242529e-11 | AG100: =(AF100/3)*(AE100^3)*10000 -> 0.062327252 | AH100: =AD100-AG100 -> -0.012262192 | AI100: =AG100*100/AD100 -> 124.49251
A101: Falahudin et al., | B101: The first occurrence, spatial distribution and characteristics of microplastic particles in sediments from Banten Bay, Indonesia - ScienceDirect | C101: -5.94 | D101: 106.29 | E101: Fragments | F101: 51% fragments | G101: -2.09 | H101: 500 | I101: 101.5512 | J101: =LOG(I101, 10) - (G101) * LOG(H101,10)^(G101+1) -> 2.7148598 | K101: =-1*10^J101*(G101+1) -> 565.30946 | L101: =IF(E101="Fragments",0.000000097*K101*(5000^(4+G101)-1)/(4+G101),0.000106*K101*(5000^(2+G101)-1)/(2+G101)) -> 333.4704 | M101: 2016 | N101: 10 | O101: 67 | P101: 2993.3798 | Q101: 5 | R101: 0.69148335 | S101: 0.1327519 | T101: 0.40079513 | V101: =L101*R101*0.000000001 -> 2.3058923e-07 | W101: =V101*N101 -> 2.3058923e-06 | X101: =M101-1950 -> 66 | Y101: =N101/S101 -> 75.328491 | Z101: =S101*X101 -> 8.7616251 | AA101: =IF(N101<Z101,W101/(1-(1-N101/Z101)^3),W101)*10000 -> 0.023058923 | AB101: =N101/T101 -> 24.950403 | AC101: =T101*X101 -> 26.452479 | AD101: =IF(N101<AC101,W101/(1-(1-N101/AC101)^3),W101)*10000 -> 0.030364644 | AE101: =2021-1950 -> 71 | AF101: {=_xlfn.IFS(N101<=AC101,W101*(3/(X101^3 - (X101-AB101)^3)),N101>AC101,W101*(3/X101^3))} -> 3.1685286e-11 | AG101: =(AF101/3)*(AE101^3)*10000 -> 0.037801709 | AH101: =AD101-AG101 -> -0.0074370648 | AI101: =AG101*100/AD101 -> 124.49251
... A161: Matsuguma et al., | B161: Microplastics in Sediment Cores from Asia and Africa as Indicators of Temporal Trends in Plastic Pollution | Archives of Environmental Contamination and Toxicology | Springer Nature Link | C161: 13.373889 | D161: 100.58333 | E161: Fragments | F161: 100% fragments | G161: -2.09 | H161: 300 | I161: 410 | J161: =LOG(I161, 10) - (G161) * LOG(H161,10)^(G161+1) -> 3.3903615 | K161: =-1*10^J161*(G161+1) -> 2677.8608 | L161: =IF(E161="Fragments",0.000000097*K161*(5000^(4+G161)-1)/(4+G161),0.000106*K161*(5000^(2+G161)-1)/(2+G161)) -> 1579.6433 | M161: 2004 | N161: 12 | O161: 15 | P161: 10911.352 | Q161: 14 | R161: 1.3837436 | S161: 0.13156024 | T161: 0.396 | V161: =L161*R161*0.000000001 -> 2.1858213e-06 | W161: =V161*N161 -> 2.6229855e-05 | X161: =M161-1950 -> 54 | Y161: =N161/S161 -> 91.21297 | Z161: =S161*X161 -> 7.1042528 | AA161: =IF(N161<Z161,W161/(1-(1-N161/Z161)^3),W161)*10000 -> 0.26229855 | AB161: =N161/T161 -> 30.30303 | AC161: =T161*X161 -> 21.384 | AD161: =IF(N161<AC161,W161/(1-(1-N161/AC161)^3),W161)*10000 -> 0.28651099 | AE161: =2021-1950 -> 71 | AF161: {=_xlfn.IFS(N161<=AC161,W161*(3/(X161^3 - (X161-AB161)^3)),N161>AC161,W161*(3/X161^3))} -> 5.4585998e-10 | AG161: =(AF161/3)*(AE161^3)*10000 -> 0.65123097 | AH161: =AD161-AG161 -> -0.36471999 | AI161: =AG161*100/AD161 -> 227.29703
A162: Zobkov and Esiukova | B162: Microplastics in Baltic bottom sediments: Quantification procedures and first results - ScienceDirect | C162: 54.627961 | D162: 19.863931 | E162: Fibers | F162: 0.9318 | G162: -1.77 | H162: 175 | I162: 45.09912 | J162: =LOG(I162, 10) - (G162) * LOG(H162,10)^(G162+1) -> 2.6043988 | K162: =-1*10^J162*(G162+1) -> 309.66312 | L162: =IF(E162="Fragments",0.000000097*K162*(5000^(4+G162)-1)/(4+G162),0.000106*K162*(5000^(2+G162)-1)/(2+G162)) -> 0.86940245 | M162: 2015 | N162: 10 | O162: 59 | P162: 0 | Q162: 3 | R162: 0.54424737 | S162: 0.13301817 | T162: 0.27263868 | V162: =L162*R162*0.000000001 -> 4.7317e-10 | W162: =V162*N162 -> 4.7317e-09 | X162: =M162-1950 -> 65 | Y162: =N162/S162 -> 75.177699 | Z162: =S162*X162 -> 8.6461811 | AA162: =IF(N162<Z162,W162/(1-(1-N162/Z162)^3),W162)*10000 -> 4.7317e-05 | AB162: =N162/T162 -> 36.678582 | AC162: =T162*X162 -> 17.721514 | AD162: =IF(N162<AC162,W162/(1-(1-N162/AC162)^3),W162)*10000 -> 5.1583971e-05 | AE162: =2021-1950 -> 71 | AF162: {=_xlfn.IFS(N162<=AC162,W162*(3/(X162^3 - (X162-AB162)^3)),N162>AC162,W162*(3/X162^3))} -> 5.6350264e-14 | AG162: =(AF162/3)*(AE162^3)*10000 -> 6.7227931e-05 | AH162: =AD162-AG162 -> -1.564396e-05 | AI162: =AG162*100/AD162 -> 130.32717
A163: Zobkov and Esiukova | B163: Microplastics in Baltic bottom sediments: Quantification procedures and first results - ScienceDirect | C163: 54.62753 | D163: 19.857343 | E163: Fibers | F163: 0.5297 | G163: -1.77 | H163: 175 | I163: 21.39988 | J163: =LOG(I163, 10) - (G163) * LOG(H163,10)^(G163+1) -> 2.280642 | K163: =-1*10^J163*(G163+1) -> 146.93754 | L163: =IF(E163="Fragments",0.000000097*K163*(5000^(4+G163)-1)/(4+G163),0.000106*K163*(5000^(2+G163)-1)/(2+G163)) -> 0.41253816 | M163: 2015 | N163: 10 | O163: 59 | P163: 627.64416 | Q163: 5 | R163: 0.54424737 | S163: 0.1327519 | T163: 0.27263868 | V163: =L163*R163*0.000000001 -> 2.2452281e-10 | W163: =V163*N163 -> 2.2452281e-09 | X163: =M163-1950 -> 65 | Y163: =N163/S163 -> 75.328491 | Z163: =S163*X163 -> 8.6288732 | AA163: =IF(N163<Z163,W163/(1-(1-N163/Z163)^3),W163)*10000 -> 2.2452281e-05 | AB163: =N163/T163 -> 36.678582 | AC163: =T163*X163 -> 17.721514 | AD163: =IF(N163<AC163,W163/(1-(1-N163/AC163)^3),W163)*10000 -> 2.4476992e-05 | AE163: =2021-1950 -> 71 | AF163: {=_xlfn.IFS(N163<=AC163,W163*(3/(X163^3 - (X163-AB163)^3)),N163>AC163,W163*(3/X163^3))} -> 2.6738634e-14 | AG163: =(AF163/3)*(AE163^3)*10000 -> 3.1900171e-05 | AH163: =AD163-AG163 -> -7.4231797e-06 | AI163: =AG163*100/AD163 -> 130.32717
A164: Zobkov and Esiukova | B164: Microplastics in Baltic bottom sediments: Quantification procedures and first results - ScienceDirect | C164: 54.638493 | D164: 19.815565 | E164: Fibers | F164: 0.9078 | G164: -1.77 | H164: 175 | I164: 31.50066 | J164: =LOG(I164, 10) - (G164) * LOG(H164,10)^(G164+1) -> 2.4485503 | K164: =-1*10^J164*(G164+1) -> 216.2923 | L164: =IF(E164="Fragments",0.000000097*K164*(5000^(4+G164)-1)/(4+G164),0.000106*K164*(5000^(2+G164)-1)/(2+G164)) -> 0.60725688 | M164: 2015 | N164: 10 | O164: 59 | P164: 3798.0518 | Q164: 10 | R164: 0.54424737 | S164: 0.13208854 | T164: 0.27242043 | V164: =L164*R164*0.000000001 -> 3.3049796e-10 | W164: =V164*N164 -> 3.3049796e-09 | X164: =M164-1950 -> 65 | Y164: =N164/S164 -> 75.706797 | Z164: =S164*X164 -> 8.5857549 | AA164: =IF(N164<Z164,W164/(1-(1-N164/Z164)^3),W164)*10000 -> 3.3049796e-05 | AB164: =N164/T164 -> 36.707967 | AC164: =T164*X164 -> 17.707328 | AD164: =IF(N164<AC164,W164/(1-(1-N164/AC164)^3),W164)*10000 -> 3.6020073e-05 | AE164: =2021-1950 -> 71 | AF164: {=_xlfn.IFS(N164<=AC164,W164*(3/(X164^3 - (X164-AB164)^3)),N164>AC164,W164*(3/X164^3))} -> 3.9348282e-14 | AG164: =(AF164/3)*(AE164^3)*10000 -> 4.6943944e-05 | AH164: =AD164-AG164 -> -1.092387e-05 | AI164: =AG164*100/AD164 -> 130.32717
...

Sheet All put together for analysis
A1: Author | B1: ID | C1: link | D1: Lat | E1: Lon | F1: Shape | G1: Info shape | H1: year of sampling | I1: MP mass observation extrapolated to 1-5000 µm (µg/kg) from MPsizeBase | J1: MP stock (g/m2) in year of study Martin | K1: MP stock (g/m2) in year of study | L1: MP stock (g/m2) in 2021
A2: Wang et al., | B2: Wan19a_A_1 | C2: High levels of microplastic pollution in the sediments and benthic organisms of the South Yellow Sea, China - ScienceDirect | D2: 33 | E2: 122.21 | F2: Fibers | G2: 0.91 | H2: 2017 | I2: 28.4 | J2: 0.0028525947 | K2: 0.0014956878 | L2: 0.0017798835
A3: Wang et al., | B3: Wan19a_A_2 | C3: High levels of microplastic pollution in the sediments and benthic organisms of the South Yellow Sea, China - ScienceDirect | D3: 34 | E3: 121.24 | F3: Fibers | G3: 0.96 | H3: 2017 | I3: 111 | J3: 0.0029491236 | K3: 0.013206261 | L3: 0.015715584
A4: Wang et al., | B4: Wan19a_A_3 | C4: High levels of microplastic pollution in the sediments and benthic organisms of the South Yellow Sea, China - ScienceDirect | D4: 36 | E4: 121 | F4: Fibers | G4: 0.96 | H4: 2017 | I4: 180 | J4: 0.0031787958 | K4: 0.006920968 | L4: 0.0082360216
A5: Wang et al., | B5: Wan19a_A_4 | C5: High levels of microplastic pollution in the sediments and benthic organisms of the South Yellow Sea, China - ScienceDirect | D5: 33 | E5: 123 | F5: Fibers | G5: 0.81 | H5: 2017 | I5: 74.8 | J5: 0.0024098933 | K5: 0.0046767806 | L5: 0.0055654161
A6: Wang et al., | B6: Wan19a_A_5 | C6: High levels of microplastic pollution in the sediments and benthic organisms of the South Yellow Sea, China - ScienceDirect | D6: 35 | E6: 121.39 | F6: Fibers | G6: 0.91 | H6: 2017 | I6: 81.9 | J6: 0.0044602998 | K6: 0.0022113069 | L6: 0.0026314775
A7: Wang et al., | B7: Wan19a_A_6 | C7: High levels of microplastic pollution in the sediments and benthic organisms of the South Yellow Sea, China - ScienceDirect | D7: 36 | E7: 121.4 | F7: Fibers | G7: 0.86 | H7: 2017 | I7: 108 | J7: 0.0060247333 | K7: 0.0029484764 | L7: 0.0035087166
A8: Wang et al., | B8: Wan19a_A_7 | C8: High levels of microplastic pollution in the sediments and benthic organisms of the South Yellow Sea, China - ScienceDirect | D8: 35 | E8: 123 | F8: Fibers | G8: 0.84 | H8: 2017 | I8: 114 | K8: 0.0030602984 | L8: 0.0036417859
A9: Wang et al., | B9: Wan19a_A_8 | C9: High levels of microplastic pollution in the sediments and benthic organisms of the South Yellow Sea, China - ScienceDirect | D9: 34 | E9: 124 | F9: Fibers | G9: 0.85 | H9: 2017 | I9: 90.9 | K9: 0.0048651383 | L9: 0.0057895636
A10: Wang et al., | B10: Wan19a_A_9 | C10: High levels of microplastic pollution in the sediments and benthic organisms of the South Yellow Sea, China - ScienceDirect | D10: 36 | E10: 122 | F10: Fibers | G10: 0.74 | H10: 2017 | I10: 83.2 | K10: 0.0022272438 | L10: 0.0026504425
A11: Wang et al., | B11: Wan19a_A_10 | C11: High levels of microplastic pollution in the sediments and benthic organisms of the South Yellow Sea, China - ScienceDirect | D11: 35 | E11: 124 | F11: Fibers | G11: 0.67 | H11: 2017 | I11: 77.4 | K11: 0.0020765858 | L11: 0.002471158
A12: Wang et al., | B12: Wan19a_A_11 | C12: High levels of microplastic pollution in the sediments and benthic organisms of the South Yellow Sea, China - ScienceDirect | D12: 36 | E12: 123 | F12: Fibers | G12: 0.82 | H12: 2017 | I12: 94.9 | K12: 0.0025255821 | L12: 0.0030054682
A13: Wang et al., | B13: Wan19a_A_12 | C13: High levels of microplastic pollution in the sediments and benthic organisms of the South Yellow Sea, China - ScienceDirect | D13: 35 | E13: 124 | F13: Fibers | G13: 0.67 | H13: 2017 | I13: 135 | K13: 0.003621952 | L13: 0.0043101594
A14: Wang et al., | B14: Wan19a_A_13 | C14: High levels of microplastic pollution in the sediments and benthic organisms of the South Yellow Sea, China - ScienceDirect | D14: 34 | E14: 123.44 | F14: Fibers | G14: 0.8799 | H14: 2017 | I14: 86.3 | K14: 0.0023244337 | L14: 0.0027660995
A15: Wang et al., | B15: Wan19a_A_14 | C15: High levels of microplastic pollution in the sediments and benthic organisms of the South Yellow Sea, China - ScienceDirect | D15: 32.3 | E15: 122.12 | F15: Fibers | G15: 0.8797 | H15: 2017 | I15: 38 | K15: 0.010480981 | L15: 0.012472473
A16: Mu et al., | B16: Mu19_A_1 | C16: Abundance and distribution of microplastics in the surface sediments from the northern Bering and Chukchi Seas - ScienceDirect | D16: 66 | E16: -168 | F16: Fibers | G16: 64% fibers | H16: 2017 | I16: 1.31 | K16: 5.3393765e-05 | L16: 6.3539119e-05
A17: Alvarez-Ramirez et al., | B17: Alv20_A_1 | C17: Microplastics: Sources and distribution in surface waters and sediments of Todos Santos Bay, Mexico - ScienceDirect | D17: 31.82 | E17: -116.72 | F17: Fibers | G17: 100% fibers | H17: 2016 | I17: 27.7 | K17: 0.00087313016 | L17: 0.0010869817
A18: Alvarez-Ramirez et al., | B18: Alv20_A_2 | C18: Microplastics: Sources and distribution in surface waters and sediments of Todos Santos Bay, Mexico - ScienceDirect | D18: 31.82 | E18: -116.72 | F18: Fragments | G18: 100% fragments | H18: 2016 | I18: 495 | K18: 0.015602868 | L18: 0.019424402
A19: Zhang et al., | B19: Zha20_A_1 | C19: Microplastic pollution in water, sediment, and fish from artificial reefs around the Ma’an Archipelago, Shengsi, China - ScienceDirect | D19: 30.45 | E19: 122.45 | F19: Fibers | G19: 92% fibers | H19: 2018 | I19: 3.56 | K19: 0.00054160386 | L19: 0.00061649571
A20: Huang et al., | B20: Hua20_A_1 | C20: Seagrass beds acting as a trap of microplastics - Emerging hotspot in the coastal region? - ScienceDirect | D20: 18.407564 | E20: 109.98518 | F20: Fibers | G20: 68% fibers | H20: 2018 | I20: 2.12 | K20: 0.00041825346 | L20: 0.00047608867
A21: Huang et al., | B21: Hua20_A_2 | C21: Seagrass beds acting as a trap of microplastics - Emerging hotspot in the coastal region? - ScienceDirect | D21: 18.407564 | E21: 109.98518 | F21: Fibers | G21: 56% fibers | H21: 2018 | I21: 9.7 | K21: 0.0022942883 | L21: 0.0026115377
A22: Huang et al., | B22: Hua20_A_3 | C22: Seagrass beds acting as a trap of microplastics - Emerging hotspot in the coastal region? - ScienceDirect | D22: 18.415724 | E22: 110.05434 | F22: Fibers | G22: 71% fibers | H22: 2018 | I22: 98.2 | K22: 0.010710708 | L22: 0.012191763
A23: Huang et al., | B23: Hua20_A_4 | C23: Seagrass beds acting as a trap of microplastics - Emerging hotspot in the coastal region? - ScienceDirect | D23: 18.415724 | E23: 110.05434 | F23: Fragments | G23: 61% fragments | H23: 2018 | I23: 2060 | K23: 0.26936831 | L23: 0.306616
A24: Alvez et al., | B24: Alv19_A_1 | C24: Microplastic in the sediments of a highly eutrophic tropical estuary - ScienceDirect | D24: -22.84 | E24: -43.16 | F24: Fibers | G24: 81% fibers | H24: 2017 | I24: 6470 | K24: 1.9409121 | L24: 2.3097049
A25: Haave et al., | B25: Haa19_A_1 | C25: Different stories told by small and large microplastics in sediment - first report of microplastic concentrations in an urban recipient in Norway - ScienceDirect | D25: 60.435399 | E25: 5.257967 | F25: Fragments | G25: no | H25: 2015 | I25: 512000 | K25: 34.983151 | L25: 45.592552
A26: Haave et al., | B26: Haa19_A_2 | C26: Different stories told by small and large microplastics in sediment - first report of microplastic concentrations in an urban recipient in Norway - ScienceDirect | D26: 60.397097 | E26: 5.2166774 | F26: Fragments | G26: no | H26: 2015 | I26: 62400 | K26: 4.2635716 | L26: 5.5565923
A27: Haave et al., | B27: Haa19_A_3 | C27: Different stories told by small and large microplastics in sediment - first report of microplastic concentrations in an urban recipient in Norway - ScienceDirect | D27: 60.47975 | E27: 5.2385479 | F27: Fragments | G27: no | H27: 2015 | I27: 39000 | K27: 2.6647322 | L27: 3.4728702
A28: Lorentz et al., | B28: Lor19_A_1 | C28: Spatial distribution of microplastics in sediments and surface waters of the southern North Sea - ScienceDirect | D28: 53.5 | E28: 4.5 | F28: Fragments | G28: no | H28: 2014 | I28: 9.59 | J28: 0.023428846 | K28: 0.00072030386 | L28: 0.00098344679
A29: Jahan et al., | B29: Jah19_A_1 | C29: Interrelationship of microplastic pollution in sediments and oysters in a seaport environment of the eastern coast of Australia - ScienceDirect | D29: -32.62011 | E29: 152.40008 | F29: Fragments | G29: 80% fragments | H29: 2017 | I29: 64300 | K29: 3.4640971 | L29: 4.1223105
A30: Ling et al., | B30: Lin17_A_1 | C30: Ubiquity of microplastics in coastal seafloor sediments - ScienceDirect | D30: -34.97 | E30: 150.79 | F30: Fibers | G30: 100% fibers | H30: 2015 | I30: 78.8 | K30: 0.0059433779 | L30: 0.0077458364
A31: Ling et al., | B31: Lin17_A_2 | C31: Ubiquity of microplastics in coastal seafloor sediments - ScienceDirect | D31: -34.97 | E31: 150.79 | F31: Fragments | G31: 100% fragments | H31: 2015 | I31: 36700 | K31: 2.7680453 | L31: 3.6075152
A32: Ling et al., | B32: Lin17_A_3 | C32: Ubiquity of microplastics in coastal seafloor sediments - ScienceDirect | D32: -35.24 | E32: 138.41 | F32: Fibers | G32: 100% fibers | H32: 2015 | I32: 129 | K32: 0.0074310967 | L32: 0.0096847382
A33: Ling et al., | B33: Lin17_A_4 | C33: Ubiquity of microplastics in coastal seafloor sediments - ScienceDirect | D33: -35.24 | E33: 138.41 | F33: Fragments | G33: 100% fragments | H33: 2015 | I33: 214000 | K33: 12.327556 | L33: 16.066155
A34: Ling et al., | B34: Lin17_A_5 | C34: Ubiquity of microplastics in coastal seafloor sediments - ScienceDirect | D34: -42.74 | E34: 147.61 | F34: Fibers | G34: 100% fibers | H34: 2015 | I34: 106 | K34: 0.0079948991 | L34: 0.010419526
A35: Ling et al., | B35: Lin17_A_6 | C35: Ubiquity of microplastics in coastal seafloor sediments - ScienceDirect | D35: -42.74 | E35: 147.61 | F35: Fragments | G35: 100% fragments | H35: 2015 | I35: 61200 | K35: 4.6159229 | L35: 6.0158018
A36: Ling et al., | B36: Lin17_A_7 | C36: Ubiquity of microplastics in coastal seafloor sediments - ScienceDirect | D36: -38.08 | E36: 144.8 | F36: Fibers | G36: 100% fibers | H36: 2015 | I36: 99.5 | K36: 0.010704571 | L36: 0.013950964
A37: Ling et al., | B37: Lin17_A_8 | C37: Ubiquity of microplastics in coastal seafloor sediments - ScienceDirect | D37: -38.08 | E37: 144.8 | F37: Fragments | G37: 100% fragments | H37: 2015 | I37: 100000 | K37: 10.758362 | L37: 14.02107
A38: Nor and Obbard | B38: Nor14_A_1 | C38: Redirecting | D38: 1.266762 | E38: 103.8005 | F38: Fibers | G38: 72% fibers | H38: 2012 | I38: 0.577 | K38: 0.00025124892 | L38: 0.0003773151
A39: Wang et al., | B39: Wanb19_A_1 | C39: Typhoons increase the abundance of microplastics in the marine environment and cultured organisms: A case study in Sanggou Bay, China - ScienceDirect | D39: 37.11556 | E39: 122.48 | F39: Fibers | G39: 0.96 | H39: 2017 | I39: 118 | K39: 0.0093347053 | L39: 0.011108393
A40: Wang et al., | B40: Wanb19_A_2 | C40: Typhoons increase the abundance of microplastics in the marine environment and cultured organisms: A case study in Sanggou Bay, China - ScienceDirect | D40: 37.11556 | E40: 122.50917 | F40: Fibers | G40: 0.95 | H40: 2017 | I40: 77.6 | K40: 0.0059392715 | L40: 0.007067793
A41: Wang et al., | B41: Wanb19_A_3 | C41: Typhoons increase the abundance of microplastics in the marine environment and cultured organisms: A case study in Sanggou Bay, China - ScienceDirect | D41: 37.11556 | E41: 122.57056 | F41: Fibers | G41: 0.81 | H41: 2017 | I41: 89.5 | K41: 0.0068500619 | L41: 0.0081516427
A42: Wang et al., | B42: Wanb19_A_4 | C42: Typhoons increase the abundance of microplastics in the marine environment and cultured organisms: A case study in Sanggou Bay, China - ScienceDirect | D42: 37.11556 | E42: 122.59722 | F42: Fibers | G42: 0.9 | H42: 2017 | I42: 121 | K42: 0.010307012 | L42: 0.012265448
A43: Wang et al., | B43: Wanb19_A_5 | C43: Typhoons increase the abundance of microplastics in the marine environment and cultured organisms: A case study in Sanggou Bay, China - ScienceDirect | D43: 37.11556 | E43: 122.66889 | F43: Fibers | G43: 0.83 | H43: 2017 | I43: 78.6 | K43: 0.0045051067 | L43: 0.0053611223
A44: Wang et al., | B44: Wanb19_A_6 | C44: Typhoons increase the abundance of microplastics in the marine environment and cultured organisms: A case study in Sanggou Bay, China - ScienceDirect | D44: 37.06939 | E44: 122.48 | F44: Fibers | G44: 0.69 | H44: 2017 | I44: 87.4 | K44: 0.006908281 | L44: 0.008220924
A45: Wang et al., | B45: Wanb19_A_7 | C45: Typhoons increase the abundance of microplastics in the marine environment and cultured organisms: A case study in Sanggou Bay, China - ScienceDirect | D45: 37.06939 | E45: 122.50833 | F45: Fibers | G45: 0.97 | H45: 2017 | I45: 70 | K45: 0.0058651077 | L45: 0.0069795372
A46: Wang et al., | B46: Wanb19_A_8 | C46: Typhoons increase the abundance of microplastics in the marine environment and cultured organisms: A case study in Sanggou Bay, China - ScienceDirect | D46: 37.06939 | E46: 122.57111 | F46: Fibers | G46: 0.95 | H46: 2017 | I46: 95.4 | K46: 0.0079933039 | L46: 0.0095121122
A47: Wang et al., | B47: Wanb19_A_9 | C47: Typhoons increase the abundance of microplastics in the marine environment and cultured organisms: A case study in Sanggou Bay, China - ScienceDirect | D47: 37.06939 | E47: 122.59889 | F47: Fibers | G47: 0.86 | H47: 2017 | I47: 87.8 | K47: 0.0051104576 | L47: 0.0060814961
A48: Wang et al., | B48: Wanb19_A_10 | C48: Typhoons increase the abundance of microplastics in the marine environment and cultured organisms: A case study in Sanggou Bay, China - ScienceDirect | D48: 37.06939 | E48: 122.66889 | F48: Fibers | G48: 0.91 | H48: 2017 | I48: 41.3 | K48: 0.0018031623 | L48: 0.0021457813
